{   "properties": {     "connectionReferences": {       "shared_powerplatformforadmins": {         "runtimeSource": "embedded",         "connection": {           "connectionReferenceLogicalName": "admin_CoECorePowerPlatformforAdmins"         },         "api": {           "name": "shared_powerplatformforadmins"         }       },       "shared_commondataservice_3": {         "runtimeSource": "embedded",         "connection": {           "connectionReferenceLogicalName": "admin_CoECoreDataverseLegacy"         },         "api": {           "name": "shared_commondataservice"         }       },       "shared_commondataserviceforapps_1": {         "runtimeSource": "embedded",         "connection": {           "connectionReferenceLogicalName": "admin_CoECoreDataverse"         },         "api": {           "name": "shared_commondataserviceforapps"         }       }     },     "definition": {       "$schema": "https://schema.management.azure.com/providers/Microsoft.Logic/schemas/2016-06-01/workflowdefinition.json#",       "contentVersion": "1.0.0.0",       "parameters": {         "$connections": {           "defaultValue": {},           "type": "Object"         },         "$authentication": {           "defaultValue": {},           "type": "SecureObject"         },         "Power Automate Environment Variable (admin_PowerAutomateEnvironmentVariable)": {           "defaultValue": "https://us.flow.microsoft.com/manage/environments/",           "type": "String",           "metadata": {             "schemaName": "admin_PowerAutomateEnvironmentVariable",             "description": "Environment, including geographic location, for Power Automate - Ex for commercial: https://flow.microsoft.com/manage/environments/"           }         },         "FullInventory (admin_FullInventory)": {           "defaultValue": false,           "type": "Bool",           "metadata": {             "schemaName": "admin_FullInventory",             "description": "Determines if you want to only update objects that have changed, or all objects. Defaults to No. Switching to Yes will cause the flows to inventory every single app/flow/etc in the tenant and make the flows long running "           }         }       },       "triggers": {         "When_a_new_record_is_created_or_updated": {           "metadata": {             "operationMetadataId": "83945f27-631b-49ab-8aa8-9e38801fae64"           },           "type": "OpenApiConnectionWebhook",           "inputs": {             "host": {               "connectionName": "shared_commondataserviceforapps_1",               "operationId": "SubscribeWebhookTrigger",               "apiId": "/providers/Microsoft.PowerApps/apis/shared_commondataserviceforapps"             },             "parameters": {               "subscriptionRequest/message": 4,               "subscriptionRequest/entityname": "admin_environment",               "subscriptionRequest/scope": 4             },             "authentication": "@parameters('$authentication')"           }         }       },       "actions": {         "Check_if_Dataverse_Environment,_If_false,_terminate": {           "actions": {             "Not_a_Dataverse_Environment_=_no_Model_Driven_Apps": {               "runAfter": {},               "metadata": {                 "operationMetadataId": "cf0ce42a-3083-4ae7-9931-729101ecce5c"               },               "type": "Terminate",               "inputs": {                 "runStatus": "Succeeded"               }             }           },           "runAfter": {             "Check_if_Environment_Deleted._If_true,_terminate": [               "Succeeded"             ]           },           "expression": {             "equals": [               "@triggerOutputs()?['body/admin_hascds']",               "@false"             ]           },           "metadata": {             "operationMetadataId": "55f33f40-860b-40c1-8ba1-5a3fb8a2b9db"           },           "type": "If"         },         "Check_if_Dev_SKU,_terminate_if_true": {           "actions": {             "Inquiry_not_supported_for_Dev_SKU": {               "runAfter": {},               "metadata": {                 "operationMetadataId": "f1ecf3b8-1772-4437-beb2-0663a3f4d5b0"               },               "type": "Terminate",               "inputs": {                 "runStatus": "Succeeded"               }             }           },           "runAfter": {             "Check_if_Dataverse_Environment,_If_false,_terminate": [               "Succeeded"             ]           },           "expression": {             "equals": [               "@triggerOutputs()?['body/admin_environmentsku']",               "Developer"             ]           },           "metadata": {             "operationMetadataId": "53d63d2d-7eda-4941-8a45-9cac3ddfdc81"           },           "type": "If"         },         "Check_if_Environment_Deleted._If_true,_terminate": {           "actions": {             "Terminate": {               "runAfter": {},               "metadata": {                 "operationMetadataId": "47f3f378-de44-463f-986f-128468a1a363"               },               "type": "Terminate",               "inputs": {                 "runStatus": "Succeeded"               }             }           },           "runAfter": {},           "expression": {             "equals": [               "@triggerOutputs()?['body/admin_environmentdeleted']",               "@true"             ]           },           "metadata": {             "operationMetadataId": "eb2ec862-ebc6-4814-9d4a-17fc5db0d4b5"           },           "type": "If"         },         "Check_if_Teams_SKU,_terminate_if_true": {           "actions": {             "Inquiry_not_supported_for_Teams_SKU": {               "runAfter": {},               "metadata": {                 "operationMetadataId": "0833ccaf-2acb-4c9f-bcd0-5c610ce2d5db"               },               "type": "Terminate",               "inputs": {                 "runStatus": "Succeeded"               }             }           },           "runAfter": {             "Check_if_Dev_SKU,_terminate_if_true": [               "Succeeded"             ]           },           "expression": {             "equals": [               "@triggerOutputs()?['body/admin_environmentsku']",               "Teams"             ]           },           "metadata": {             "operationMetadataId": "1dc55cc3-de87-458c-8a63-c9500333dfcf"           },           "type": "If"         },         "Check_to_see_if_portal_Model_Driven_App_Exists._Store_in_Portal_COE_Entity": {           "actions": {             "Get_Environment_as_Admin": {               "runAfter": {},               "metadata": {                 "operationMetadataId": "788b7d74-36b9-4608-bb4a-a56abd359854"               },               "type": "OpenApiConnection",               "inputs": {                 "host": {                   "connectionName": "shared_powerplatformforadmins",                   "operationId": "GetSingleEnvironment",                   "apiId": "/providers/Microsoft.PowerApps/apis/shared_powerplatformforadmins"                 },                 "parameters": {                   "environment": "@triggerOutputs()?['body/admin_environmentname']",                   "api-version": "2018-10-01"                 },                 "authentication": "@parameters('$authentication')",                 "retryPolicy": {                   "type": "exponential",                   "count": 10,                   "interval": "PT10S"                 }               }             },             "Loop_Through_each_website_record": {               "foreach": "@outputs('List_ADX_Websites')?['body/value']",               "actions": {                 "Get_the_owner_and_first_orphan_check": {                   "actions": {                     "Get_ADX_Website_Owner": {                       "runAfter": {                         "Reset_isOrphaned_to_false": [                           "Succeeded"                         ]                       },                       "metadata": {                         "operationMetadataId": "b43fecc9-2225-49cf-81bc-9a750b4d210e"                       },                       "type": "OpenApiConnection",                       "inputs": {                         "host": {                           "connectionName": "shared_commondataservice_3",                           "operationId": "GetItem_V2",                           "apiId": "/providers/Microsoft.PowerApps/apis/shared_commondataservice"                         },                         "parameters": {                           "dataset": "@triggerOutputs()?['body/admin_environmentcdsmetadataname']",                           "table": "systemusers",                           "id": "@body('Parse_Portals_JSON')?['_ownerid_value']"                         },                         "authentication": "@parameters('$authentication')",                         "retryPolicy": {                           "type": "exponential",                           "count": 10,                           "interval": "PT10S"                         }                       }                     },                     "Get_Azure_AD_object_ID_column_for_system_user_table._See_if_Null": {                       "actions": {                         "Set_isOrphaned_to_true": {                           "runAfter": {},                           "metadata": {                             "operationMetadataId": "a06045fe-7d68-4874-9cdb-7b598c39aad9"                           },                           "type": "SetVariable",                           "inputs": {                             "name": "isOrphaned",                             "value": "@true"                           }                         }                       },                       "runAfter": {                         "Get_ADX_Website_Owner": [                           "Succeeded"                         ]                       },                       "expression": {                         "equals": [                           "@body('Get_ADX_Website_Owner')?['azureactivedirectoryobjectid']",                           "@null"                         ]                       },                       "metadata": {                         "operationMetadataId": "5d876715-594e-4203-b94f-ac3cebbc31a3"                       },                       "type": "If"                     },                     "Reset_isOrphaned_to_false": {                       "runAfter": {},                       "metadata": {                         "operationMetadataId": "1c5692ad-5be6-430f-8c97-426131937249"                       },                       "type": "SetVariable",                       "inputs": {                         "name": "isOrphaned",                         "value": "@false"                       }                     }                   },                   "runAfter": {                     "UniqueNameString": [                       "Succeeded"                     ]                   },                   "metadata": {                     "operationMetadataId": "be315490-e7b9-42e5-b393-08d608031906"                   },                   "type": "Scope"                 },                 "If_did_not_return_rows_then_new_to_Coe_else_get_portal_GUID": {                   "actions": {                     "Set_isNewToCoEto_true": {                       "runAfter": {},                       "metadata": {                         "operationMetadataId": "a11bf54a-aeab-46f1-b4a1-38a07d55c336"                       },                       "type": "SetVariable",                       "inputs": {                         "name": "isNewToCoE",                         "value": "@true"                       }                     }                   },                   "runAfter": {                     "List_Portals_that_match_by_Portal_Unique_Name": [                       "Succeeded"                     ]                   },                   "else": {                     "actions": {                       "PortalGUID": {                         "runAfter": {},                         "metadata": {                           "operationMetadataId": "84de671f-0653-45cf-ad1b-e4547940e422"                         },                         "type": "Compose",                         "inputs": "@first(outputs('List_Portals_that_match_by_Portal_Unique_Name')?['body/value'])['admin_portalid']",                         "description": "first(outputs('List_Portals_that_match_by_Portal_Unique_Name')?['body/value'])['admin_portalid']"                       },                       "PortalLastModified": {                         "runAfter": {                           "PortalGUID": [                             "Succeeded"                           ]                         },                         "metadata": {                           "operationMetadataId": "91c85f61-5335-4b73-b97b-9b74c37c5ebd"                         },                         "type": "Compose",                         "inputs": "@first(outputs('List_Portals_that_match_by_Portal_Unique_Name')?['body/value'])['admin_portalmodifiedon']",                         "description": "first(outputs('List_Portals_that_match_by_Portal_Unique_Name')?['body/value'])['admin_portalmodifiedon']"                       }                     }                   },                   "expression": {                     "equals": [                       "@length(outputs('List_Portals_that_match_by_Portal_Unique_Name')?['body/value'])",                       0                     ]                   },                   "metadata": {                     "operationMetadataId": "a0f9aeeb-49e2-4939-a400-d4c69ae8538c"                   },                   "type": "If"                 },                 "List_Portals_that_match_by_Portal_Unique_Name": {                   "runAfter": {                     "Get_the_owner_and_first_orphan_check": [                       "Succeeded"                     ]                   },                   "metadata": {                     "operationMetadataId": "1d7aaa7d-1b07-4819-b5bc-bf8fc330391f"                   },                   "type": "OpenApiConnection",                   "inputs": {                     "host": {                       "connectionName": "shared_commondataserviceforapps_1",                       "operationId": "ListRecords",                       "apiId": "/providers/Microsoft.PowerApps/apis/shared_commondataserviceforapps"                     },                     "parameters": {                       "entityName": "admin_portals",                       "$select": "admin_portalid, admin_portalmodifiedon",                       "$filter": "admin_portaluniquename eq '@{outputs('UniqueNameString')}'"                     },                     "authentication": "@parameters('$authentication')"                   },                   "runtimeConfiguration": {                     "paginationPolicy": {                       "minimumItemCount": 5000                     }                   }                 },                 "Parse_Portals_JSON": {                   "runAfter": {                     "Reset_AdvancedFormStepHasTablePermissionsEnabled": [                       "Succeeded"                     ]                   },                   "metadata": {                     "operationMetadataId": "f26e29ca-cecf-41c6-be75-72268b84a29d"                   },                   "type": "ParseJson",                   "inputs": {                     "content": "@items('Loop_Through_each_website_record')",                     "schema": {                       "properties": {                         "@@odata.etag": {                           "type": "string"                         },                         "@@odata.id": {                           "type": "string"                         },                         "ItemInternalId": {                           "type": "string"                         },                         "_adx_defaultlanguage_type": {                           "type": "string"                         },                         "_adx_defaultlanguage_value": {                           "type": "string"                         },                         "_adx_footerwebtemplateid_type": {                           "type": "string"                         },                         "_adx_footerwebtemplateid_value": {                           "type": "string"                         },                         "_adx_headerwebtemplateid_type": {                           "type": "string"                         },                         "_adx_headerwebtemplateid_value": {                           "type": "string"                         },                         "_createdby_type": {                           "type": "string"                         },                         "_createdby_value": {                           "type": "string"                         },                         "_modifiedby_type": {                           "type": "string"                         },                         "_modifiedby_value": {                           "type": "string"                         },                         "_ownerid_type": {                           "type": "string"                         },                         "_ownerid_value": {                           "type": "string"                         },                         "_owningbusinessunit_type": {                           "type": "string"                         },                         "_owningbusinessunit_value": {                           "type": "string"                         },                         "_statecode_label": {                           "type": "string"                         },                         "_statuscode_label": {                           "type": "string"                         },                         "adx_name": {                           "type": "string"                         },                         "adx_primarydomainname": {                           "type": "string"                         },                         "adx_website_language": {                           "type": "integer"                         },                         "adx_websiteid": {                           "type": "string"                         },                         "createdon": {                           "type": "string"                         },                         "modifiedon": {                           "type": "string"                         },                         "statecode": {                           "type": "integer"                         },                         "statuscode": {                           "type": "integer"                         },                         "versionnumber": {                           "type": "integer"                         }                       },                       "type": "object"                     }                   }                 },                 "Reset_isNewToCOE": {                   "runAfter": {},                   "metadata": {                     "operationMetadataId": "015935f0-ebf5-45d3-ad1f-c9bfa1ddd6b6"                   },                   "type": "SetVariable",                   "inputs": {                     "name": "isNewToCoE",                     "value": "@false"                   }                 },                 "See_if_Portal_is_In_COE_Inventory_Table_(admin_portal)": {                   "actions": {                     "Only_Proceed_if_Changed_since_last_update_in_CoE_or_FullInventory": {                       "actions": {                         "Check_if_made_by_system": {                           "actions": {                             "Update_Portal_(created_by_SYSTEM)": {                               "runAfter": {},                               "metadata": {                                 "operationMetadataId": "adeb2003-ab71-4281-be8c-033e4423321e"                               },                               "type": "OpenApiConnection",                               "inputs": {                                 "host": {                                   "connectionName": "shared_commondataserviceforapps_1",                                   "operationId": "UpdateRecord",                                   "apiId": "/providers/Microsoft.PowerApps/apis/shared_commondataserviceforapps"                                 },                                 "parameters": {                                   "entityName": "admin_portals",                                   "recordId": "@outputs('PortalGUID')",                                   "item/admin_portaldisplayname": "@body('Parse_Portals_JSON')?['adx_name']",                                   "item/admin_portaluniquename": "@outputs('UniqueNameString')",                                   "item/admin_appownerdisplayname": "SYSTEM",                                   "item/admin_authexternalidentitiesenabled": "@outputs('Auth_External_Identities_Enabled')",                                   "item/admin_authinvitationenabled": "@outputs('Auth_Invitation_Enabled')",                                   "item/admin_authlocalauthenticationenabled": "@outputs('Auth_Local_Authentication_Enabled')",                                   "item/admin_authlocalregistrationenabled": "@outputs('Auth_Local_Registration_Enabled')",                                   "item/admin_authopenregistrationenabled": "@outputs('Auth_Open_Registration_Enabled')",                                   "item/admin_hasportalmanagementapp": true,                                   "item/admin_PortalEnvironment@odata.bind": "admin_environments(@{triggerOutputs()?['body/admin_environmentid']})",                                   "item/admin_portalisophaned": false,                                   "item/admin_portalcreatedon": "@body('Parse_Portals_JSON')?['createdon']",                                   "item/admin_portalmodifiedon": "@body('Parse_Portals_JSON')?['modifiedon']",                                   "item/admin_portalwebsiteid": "@body('Parse_Portals_JSON')?['adx_websiteid']",                                   "item/admin_portalwebsitename": "@body('Parse_Portals_JSON')?['adx_primarydomainname']",                                   "item/admin_portalwebsiterecordstatus": "@body('Parse_Portals_JSON')?['_statecode_label']",                                   "item/admin_authtablepermissionsenabled": "@outputs('All_Table_Permissions_Enbabled')",                                   "item/admin_tablepermissionsenabledalladvformstep": "@variables('AdvancedFormStepHasTablePermissionsEnabled')",                                   "item/admin_tablepermissionsenabledallbasicforms": "@outputs('Basic_Form_Table_Permission_Enabled_Value_')",                                   "item/admin_tablepermissionsenabledalllists": "@outputs('Entity_List_Table_Permission_Enabled_Value')"                                 },                                 "authentication": "@parameters('$authentication')",                                 "retryPolicy": {                                   "type": "exponential",                                   "count": 10,                                   "interval": "PT10S"                                 }                               },                               "description": "Update if owned by the system"                             }                           },                           "runAfter": {},                           "else": {                             "actions": {                               "Recheck_Orphan_status": {                                 "actions": {                                   "Maker_Check_-_Edit": {                                     "runAfter": {},                                     "metadata": {                                       "operationMetadataId": "fe608dde-4375-4876-b0f4-1fbb8fde0cd3"                                     },                                     "type": "Workflow",                                     "inputs": {                                       "host": {                                         "workflowReferenceName": "9301f01a-cb40-ec11-8c62-00224829b4c1"                                       },                                       "body": {                                         "text": "@if(equals(body('Get_ADX_Website_Owner')?['azureactivedirectoryobjectid'], null), '', body('Get_ADX_Website_Owner')?['azureactivedirectoryobjectid'])",                                         "text_1": "@body('Get_ADX_Website_Owner')?['fullname']",                                         "boolean": false                                       }                                     }                                   },                                   "Check_if_Orphan_-_Edit": {                                     "actions": {                                       "Set_isOrphaned_true_on_recheck": {                                         "runAfter": {},                                         "metadata": {                                           "operationMetadataId": "9dd3d688-89a6-4ddf-aa9d-c24591ce1967"                                         },                                         "type": "SetVariable",                                         "inputs": {                                           "name": "isOrphaned",                                           "value": "@true"                                         }                                       }                                     },                                     "runAfter": {                                       "Maker_Check_-_Edit": [                                         "Succeeded"                                       ]                                     },                                     "else": {                                       "actions": {                                         "Set_isOrphaned_false_on_recheck": {                                           "runAfter": {},                                           "metadata": {                                             "operationMetadataId": "5325250c-5d5d-4a88-99e4-2f983d635640"                                           },                                           "type": "SetVariable",                                           "inputs": {                                             "name": "isOrphaned",                                             "value": "@false"                                           }                                         }                                       }                                     },                                     "expression": {                                       "equals": [                                         "@body('Maker_Check_-_Edit')?['userisorphan']",                                         true                                       ]                                     },                                     "metadata": {                                       "operationMetadataId": "176f0fc3-7c10-43c4-9849-edb310084959"                                     },                                     "type": "If"                                   }                                 },                                 "runAfter": {},                                 "expression": {                                   "equals": [                                     "@variables('isOrphaned')",                                     "@false"                                   ]                                 },                                 "metadata": {                                   "operationMetadataId": "5e513f76-e5f4-4cfc-86cb-0906119016d8"                                 },                                 "type": "If"                               },                               "Update_based_on_Orphan_Status": {                                 "actions": {                                   "Update_Portal_Record": {                                     "runAfter": {},                                     "metadata": {                                       "operationMetadataId": "83fc5c05-c228-4e9d-b2c6-f6385d02888c"                                     },                                     "type": "OpenApiConnection",                                     "inputs": {                                       "host": {                                         "connectionName": "shared_commondataserviceforapps_1",                                         "operationId": "UpdateRecord",                                         "apiId": "/providers/Microsoft.PowerApps/apis/shared_commondataserviceforapps"                                       },                                       "parameters": {                                         "entityName": "admin_portals",                                         "recordId": "@outputs('PortalGUID')",                                         "item/admin_portaldisplayname": "@body('Parse_Portals_JSON')?['adx_name']",                                         "item/admin_portaluniquename": "@outputs('UniqueNameString')",                                         "item/admin_appownerdisplayname": "@body('Maker_Check_-_Edit')?['userdisplayname']",                                         "item/admin_authexternalidentitiesenabled": "@outputs('Auth_External_Identities_Enabled')",                                         "item/admin_authinvitationenabled": "@outputs('Auth_Invitation_Enabled')",                                         "item/admin_authlocalauthenticationenabled": "@outputs('Auth_Local_Authentication_Enabled')",                                         "item/admin_authlocalregistrationenabled": "@outputs('Auth_Open_Registration_Enabled')",                                         "item/admin_authopenregistrationenabled": "@outputs('Auth_Open_Registration_Enabled')",                                         "item/admin_hasportalmanagementapp": true,                                         "item/admin_PortalEnvironment@odata.bind": "admin_environments(@{triggerOutputs()?['body/admin_environmentid']})",                                         "item/admin_portalisophaned": false,                                         "item/admin_PortalOwner@odata.bind": "admin_makers(@{body('Maker_Check_-_Edit')?['userid']})",                                         "item/admin_portalcreatedon": "@body('Parse_Portals_JSON')?['createdon']",                                         "item/admin_portalmodifiedon": "@body('Parse_Portals_JSON')?['modifiedon']",                                         "item/admin_portalwebsiteid": "@body('Parse_Portals_JSON')?['adx_websiteid']",                                         "item/admin_portalwebsitename": "@body('Parse_Portals_JSON')?['adx_primarydomainname']",                                         "item/admin_portalwebsiterecordstatus": "@body('Parse_Portals_JSON')?['_statecode_label']",                                         "item/admin_authtablepermissionsenabled": "@outputs('All_Table_Permissions_Enbabled')",                                         "item/admin_tablepermissionsenabledalladvformstep": "@variables('AdvancedFormStepHasTablePermissionsEnabled')",                                         "item/admin_tablepermissionsenabledallbasicforms": "@outputs('Basic_Form_Table_Permission_Enabled_Value_')",                                         "item/admin_tablepermissionsenabledalllists": "@outputs('Entity_List_Table_Permission_Enabled_Value')"                                       },                                       "authentication": "@parameters('$authentication')",                                       "retryPolicy": {                                         "type": "exponential",                                         "count": 10,                                         "interval": "PT10S"                                       }                                     },                                     "description": "Update if still owned by an AD user"                                   }                                 },                                 "runAfter": {                                   "Recheck_Orphan_status": [                                     "Succeeded"                                   ]                                 },                                 "else": {                                   "actions": {                                     "Update_Portal_Record_(Abandoned)": {                                       "runAfter": {},                                       "metadata": {                                         "operationMetadataId": "e4f0b886-353a-4e6c-9b0d-89ab49b3d6ac"                                       },                                       "type": "OpenApiConnection",                                       "inputs": {                                         "host": {                                           "connectionName": "shared_commondataserviceforapps_1",                                           "operationId": "UpdateRecord",                                           "apiId": "/providers/Microsoft.PowerApps/apis/shared_commondataserviceforapps"                                         },                                         "parameters": {                                           "entityName": "admin_portals",                                           "recordId": "@outputs('PortalGUID')",                                           "item/admin_portaldisplayname": "@body('Parse_Portals_JSON')?['adx_name']",                                           "item/admin_portaluniquename": "@outputs('UniqueNameString')",                                           "item/admin_authexternalidentitiesenabled": "@outputs('Auth_External_Identities_Enabled')",                                           "item/admin_authinvitationenabled": "@outputs('Auth_Invitation_Enabled')",                                           "item/admin_authlocalauthenticationenabled": "@outputs('Auth_Local_Authentication_Enabled')",                                           "item/admin_authlocalregistrationenabled": "@outputs('Auth_Local_Registration_Enabled')",                                           "item/admin_authopenregistrationenabled": "@outputs('Auth_Open_Registration_Enabled')",                                           "item/admin_hasportalmanagementapp": true,                                           "item/admin_PortalEnvironment@odata.bind": "admin_environments(@{triggerOutputs()?['body/admin_environmentid']})",                                           "item/admin_portalisophaned": true,                                           "item/admin_portalcreatedon": "@body('Parse_Portals_JSON')?['createdon']",                                           "item/admin_portalmodifiedon": "@body('Parse_Portals_JSON')?['modifiedon']",                                           "item/admin_portalwebsiteid": "@body('Parse_Portals_JSON')?['adx_websiteid']",                                           "item/admin_portalwebsitename": "@body('Parse_Portals_JSON')?['adx_primarydomainname']",                                           "item/admin_portalwebsiterecordstatus": "@body('Parse_Portals_JSON')?['_statecode_label']",                                           "item/admin_authtablepermissionsenabled": "@outputs('All_Table_Permissions_Enbabled')",                                           "item/admin_tablepermissionsenabledalladvformstep": "@variables('AdvancedFormStepHasTablePermissionsEnabled')",                                           "item/admin_tablepermissionsenabledallbasicforms": "@outputs('Basic_Form_Table_Permission_Enabled_Value_')",                                           "item/admin_tablepermissionsenabledalllists": "@outputs('Entity_List_Table_Permission_Enabled_Value')"                                         },                                         "authentication": "@parameters('$authentication')",                                         "retryPolicy": {                                           "type": "exponential",                                           "count": 10,                                           "interval": "PT10S"                                         }                                       },                                       "description": "Update if abandoned (user no longer in AD)"                                     }                                   }                                 },                                 "expression": {                                   "equals": [                                     "@variables('isOrphaned')",                                     "@false"                                   ]                                 },                                 "metadata": {                                   "operationMetadataId": "4cf70157-c1be-4dcb-96c5-b2628c25758d"                                 },                                 "type": "If"                               }                             }                           },                           "expression": {                             "equals": [                               "@body('Get_ADX_Website_Owner')?['fullname']",                               "SYSTEM"                             ]                           },                           "metadata": {                             "operationMetadataId": "42f891cb-c2ee-485c-a44e-ef4bb6f49a54"                           },                           "type": "If"                         }                       },                       "runAfter": {                         "lastMod_from_Portal": [                           "Succeeded"                         ]                       },                       "expression": {                         "or": [                           {                             "less": [                               "@outputs('lastMod_from_COE')",                               "@outputs('lastMod_from_Portal')"                             ]                           },                           {                             "equals": [                               "@variables('fullInventory')",                               "True"                             ]                           }                         ]                       },                       "metadata": {                         "operationMetadataId": "661db595-2242-4755-94ae-24908be07b37"                       },                       "type": "If"                     },                     "lastMod_from_COE": {                       "runAfter": {},                       "metadata": {                         "operationMetadataId": "e709cc59-c128-436c-8d06-d6ea117c9379"                       },                       "type": "Compose",                       "inputs": "@coalesce(formatDateTime(outputs('PortalLastModified'), 'yyyy-MM-dd HH:mm:ss'), '')",                       "description": "coalesce(formatDateTime(outputs('PortalLastModified'), 'yyyy-MM-dd HH:mm:ss'), '')"                     },                     "lastMod_from_Portal": {                       "runAfter": {                         "lastMod_from_COE": [                           "Succeeded"                         ]                       },                       "metadata": {                         "operationMetadataId": "97cf8b35-87c6-4046-a8ff-01ca73e4abe8"                       },                       "type": "Compose",                       "inputs": "@formatDateTime(body('Parse_Portals_JSON')?['modifiedon'], 'yyyy-MM-dd HH:mm:ss')",                       "description": "formatDateTime(body('Parse_Portals_JSON')?['modifiedon'], 'yyyy-MM-dd HH:mm:ss')"                     }                   },                   "runAfter": {                     "If_did_not_return_rows_then_new_to_Coe_else_get_portal_GUID": [                       "Succeeded"                     ]                   },                   "else": {                     "actions": {                       "Check_to_see_if_made_by_system_(owner_=_system)": {                         "actions": {                           "Create_New_Portal_Record_(Created_By_System)": {                             "runAfter": {                               "This_means_it_was_system_created_and_automated": [                                 "Succeeded"                               ]                             },                             "metadata": {                               "operationMetadataId": "6a823a82-75e9-473d-9a89-dbd8e817af77"                             },                             "type": "OpenApiConnection",                             "inputs": {                               "host": {                                 "connectionName": "shared_commondataserviceforapps_1",                                 "operationId": "CreateRecord",                                 "apiId": "/providers/Microsoft.PowerApps/apis/shared_commondataserviceforapps"                               },                               "parameters": {                                 "entityName": "admin_portals",                                 "item/admin_portaldisplayname": "@body('Parse_Portals_JSON')?['adx_name']",                                 "item/admin_portaluniquename": "@outputs('UniqueNameString')",                                 "item/admin_appownerdisplayname": "SYSTEM",                                 "item/admin_authexternalidentitiesenabled": "@outputs('Auth_External_Identities_Enabled')",                                 "item/admin_authinvitationenabled": "@outputs('Auth_Invitation_Enabled')",                                 "item/admin_authlocalauthenticationenabled": "@outputs('Auth_Local_Authentication_Enabled')",                                 "item/admin_authlocalregistrationenabled": "@outputs('Auth_Local_Registration_Enabled')",                                 "item/admin_authopenregistrationenabled": "@outputs('Auth_Open_Registration_Enabled')",                                 "item/admin_hasportalmanagementapp": true,                                 "item/admin_PortalEnvironment@odata.bind": "admin_environments(@{triggerOutputs()?['body/admin_environmentid']})",                                 "item/admin_portalisophaned": false,                                 "item/admin_portalcreatedon": "@body('Parse_Portals_JSON')?['createdon']",                                 "item/admin_portalmodifiedon": "@body('Parse_Portals_JSON')?['modifiedon']",                                 "item/admin_portalwebsitename": "@body('Parse_Portals_JSON')?['adx_primarydomainname']",                                 "item/admin_authtablepermissionsenabled": "@outputs('All_Table_Permissions_Enbabled')",                                 "item/admin_tablepermissionsenabledalladvformstep": "@variables('AdvancedFormStepHasTablePermissionsEnabled')",                                 "item/admin_tablepermissionsenabledallbasicforms": "@outputs('Basic_Form_Table_Permission_Enabled_Value_')",                                 "item/admin_tablepermissionsenabledalllists": "@outputs('Entity_List_Table_Permission_Enabled_Value')"                               },                               "authentication": "@parameters('$authentication')",                               "retryPolicy": {                                 "type": "exponential",                                 "count": 10,                                 "interval": "PT10S"                               }                             }                           },                           "This_means_it_was_system_created_and_automated": {                             "runAfter": {},                             "metadata": {                               "operationMetadataId": "0612306f-07f1-48ce-8a6a-b63550a557c9"                             },                             "type": "Compose",                             "inputs": "systemcreated",                             "description": "System Created Path Block"                           }                         },                         "runAfter": {                           "isNewToCoE_=true": [                             "Succeeded"                           ]                         },                         "else": {                           "actions": {                             "Insert_based_on_orphan_status": {                               "actions": {                                 "Insert_Portal_Website_": {                                   "runAfter": {},                                   "metadata": {                                     "operationMetadataId": "19f76668-46fa-4462-9ac0-e523111c82d2"                                   },                                   "type": "OpenApiConnection",                                   "inputs": {                                     "host": {                                       "connectionName": "shared_commondataserviceforapps_1",                                       "operationId": "CreateRecord",                                       "apiId": "/providers/Microsoft.PowerApps/apis/shared_commondataserviceforapps"                                     },                                     "parameters": {                                       "entityName": "admin_portals",                                       "item/admin_portaldisplayname": "@body('Parse_Portals_JSON')?['adx_name']",                                       "item/admin_portaluniquename": "@outputs('UniqueNameString')",                                       "item/admin_appownerdisplayname": "@body('Maker_Check_-_New')?['userdisplayname']",                                       "item/admin_authexternalidentitiesenabled": "@outputs('Auth_External_Identities_Enabled')",                                       "item/admin_authinvitationenabled": "@outputs('Auth_Invitation_Enabled')",                                       "item/admin_authlocalauthenticationenabled": "@outputs('Auth_Local_Authentication_Enabled')",                                       "item/admin_authlocalregistrationenabled": "@outputs('Auth_Local_Registration_Enabled')",                                       "item/admin_authopenregistrationenabled": "@outputs('Auth_Open_Registration_Enabled')",                                       "item/admin_hasportalmanagementapp": true,                                       "item/admin_PortalEnvironment@odata.bind": "admin_environments(@{triggerOutputs()?['body/admin_environmentid']})",                                       "item/admin_portalisophaned": false,                                       "item/admin_PortalOwner@odata.bind": "admin_makers(@{body('Maker_Check_-_New')?['userid']})",                                       "item/admin_portalcreatedon": "@body('Parse_Portals_JSON')?['createdon']",                                       "item/admin_portalmodifiedon": "@body('Parse_Portals_JSON')?['modifiedon']",                                       "item/admin_portalwebsiteid": "@body('Parse_Portals_JSON')?['adx_websiteid']",                                       "item/admin_portalwebsitename": "@body('Parse_Portals_JSON')?['adx_primarydomainname']",                                       "item/admin_portalwebsiterecordstatus": "@body('Parse_Portals_JSON')?['_statecode_label']",                                       "item/admin_authtablepermissionsenabled": "@outputs('All_Table_Permissions_Enbabled')",                                       "item/admin_tablepermissionsenabledalladvformstep": "@variables('AdvancedFormStepHasTablePermissionsEnabled')",                                       "item/admin_tablepermissionsenabledallbasicforms": "@outputs('Basic_Form_Table_Permission_Enabled_Value_')",                                       "item/admin_tablepermissionsenabledalllists": "@outputs('Entity_List_Table_Permission_Enabled_Value')"                                     },                                     "authentication": "@parameters('$authentication')",                                     "retryPolicy": {                                       "type": "exponential",                                       "count": 10,                                       "interval": "PT10S"                                     }                                   }                                 }                               },                               "runAfter": {                                 "Recheck_Orphan_status_new": [                                   "Succeeded"                                 ]                               },                               "else": {                                 "actions": {                                   "Insert_Portal_Website_(orphaned)": {                                     "runAfter": {},                                     "metadata": {                                       "operationMetadataId": "4cc0aa37-cdd2-430d-92f0-96b37f5a88d6"                                     },                                     "type": "OpenApiConnection",                                     "inputs": {                                       "host": {                                         "connectionName": "shared_commondataserviceforapps_1",                                         "operationId": "CreateRecord",                                         "apiId": "/providers/Microsoft.PowerApps/apis/shared_commondataserviceforapps"                                       },                                       "parameters": {                                         "entityName": "admin_portals",                                         "item/admin_portaldisplayname": "@body('Parse_Portals_JSON')?['adx_name']",                                         "item/admin_portaluniquename": "@outputs('UniqueNameString')",                                         "item/admin_authexternalidentitiesenabled": "@outputs('Auth_External_Identities_Enabled')",                                         "item/admin_authinvitationenabled": "@outputs('Auth_Invitation_Enabled')",                                         "item/admin_authlocalauthenticationenabled": "@outputs('Auth_Local_Authentication_Enabled')",                                         "item/admin_authlocalregistrationenabled": "@outputs('Auth_Local_Registration_Enabled')",                                         "item/admin_authopenregistrationenabled": "@outputs('Auth_Open_Registration_Enabled')",                                         "item/admin_hasportalmanagementapp": true,                                         "item/admin_PortalEnvironment@odata.bind": "admin_environments(@{triggerOutputs()?['body/admin_environmentid']})",                                         "item/admin_portalisophaned": true,                                         "item/admin_portalcreatedon": "@body('Parse_Portals_JSON')?['createdon']",                                         "item/admin_portalmodifiedon": "@body('Parse_Portals_JSON')?['modifiedon']",                                         "item/admin_portalwebsiteid": "@body('Parse_Portals_JSON')?['adx_websiteid']",                                         "item/admin_portalwebsitename": "@body('Parse_Portals_JSON')?['adx_primarydomainname']",                                         "item/admin_portalwebsiterecordstatus": "@body('Parse_Portals_JSON')?['_statecode_label']",                                         "item/admin_authtablepermissionsenabled": "@outputs('All_Table_Permissions_Enbabled')",                                         "item/admin_tablepermissionsenabledalladvformstep": "@variables('AdvancedFormStepHasTablePermissionsEnabled')",                                         "item/admin_tablepermissionsenabledallbasicforms": "@outputs('Basic_Form_Table_Permission_Enabled_Value_')",                                         "item/admin_tablepermissionsenabledalllists": "@outputs('Entity_List_Table_Permission_Enabled_Value')"                                       },                                       "authentication": "@parameters('$authentication')",                                       "retryPolicy": {                                         "type": "exponential",                                         "count": 10,                                         "interval": "PT10S"                                       }                                     },                                     "description": "Abandoned"                                   }                                 }                               },                               "expression": {                                 "equals": [                                   "@variables('isOrphaned')",                                   "@false"                                 ]                               },                               "metadata": {                                 "operationMetadataId": "7d7ed0d5-4ecf-4778-8821-bb5d5c4ec08e"                               },                               "type": "If",                               "description": "Add the portal to the inventory either with owner info or as an orphaned portal"                             },                             "Recheck_Orphan_status_new": {                               "actions": {                                 "Maker_Check_-_New": {                                   "runAfter": {},                                   "metadata": {                                     "operationMetadataId": "73bbd222-039f-4a63-82f1-aa15576cca76"                                   },                                   "type": "Workflow",                                   "inputs": {                                     "host": {                                       "workflowReferenceName": "9301f01a-cb40-ec11-8c62-00224829b4c1"                                     },                                     "body": {                                       "text": "@if(equals(body('Get_ADX_Website_Owner')?['azureactivedirectoryobjectid'], null), '', body('Get_ADX_Website_Owner')?['azureactivedirectoryobjectid'])",                                       "text_1": "@body('Get_ADX_Website_Owner')?['fullname']",                                       "boolean": false                                     }                                   }                                 },                                 "Check_if_Orphan_-_New": {                                   "actions": {                                     "Set_isOrphaned_true": {                                       "runAfter": {},                                       "metadata": {                                         "operationMetadataId": "898b84f5-a0c0-47bb-a493-43dd2a47f636"                                       },                                       "type": "SetVariable",                                       "inputs": {                                         "name": "isOrphaned",                                         "value": "@true"                                       }                                     }                                   },                                   "runAfter": {                                     "Maker_Check_-_New": [                                       "Succeeded"                                     ]                                   },                                   "else": {                                     "actions": {                                       "Set_isOrphaned_false": {                                         "runAfter": {},                                         "metadata": {                                           "operationMetadataId": "1ef2837d-b199-4972-85ad-d543cadde4d2"                                         },                                         "type": "SetVariable",                                         "inputs": {                                           "name": "isOrphaned",                                           "value": "@false"                                         }                                       }                                     }                                   },                                   "expression": {                                     "equals": [                                       "@body('Maker_Check_-_New')?['userisorphan']",                                       true                                     ]                                   },                                   "metadata": {                                     "operationMetadataId": "abfefac0-d5d0-4abe-a052-c7becee2344f"                                   },                                   "type": "If"                                 }                               },                               "runAfter": {},                               "expression": {                                 "equals": [                                   "@variables('isOrphaned')",                                   "@false"                                 ]                               },                               "metadata": {                                 "operationMetadataId": "09aa7c47-86db-4468-b151-8fa17fdaeef0"                               },                               "type": "If"                             }                           }                         },                         "expression": {                           "equals": [                             "@body('Get_ADX_Website_Owner')?['fullname']",                             "SYSTEM"                           ]                         },                         "metadata": {                           "operationMetadataId": "57718201-db86-48cd-9c78-fd7a95eae470"                         },                         "type": "If"                       },                       "isNewToCoE_=true": {                         "runAfter": {},                         "metadata": {                           "operationMetadataId": "e76a341d-d38b-44be-a75e-90109f17fb40"                         },                         "type": "Compose",                         "inputs": "@variables('isNewToCoE')",                         "description": "We know that the item is actually new to the CCOE and needs an inventory record"                       }                     }                   },                   "expression": {                     "equals": [                       "@variables('isNewToCoE')",                       "@false"                     ]                   },                   "metadata": {                     "operationMetadataId": "82541716-537e-4980-a709-c69972b41e8d"                   },                   "type": "If"                 },                 "UniqueNameString": {                   "runAfter": {                     "Data_Security_": [                       "Succeeded"                     ]                   },                   "metadata": {                     "operationMetadataId": "bedd1a98-ae0c-4844-958d-351eb824be45"                   },                   "type": "Compose",                   "inputs": "@concat(triggerOutputs()?['body/admin_environmentid'], '_', body('Parse_Portals_JSON')?['adx_websiteid'])",                   "description": "concat(triggerOutputs()?['body/admin_environmentid'], '_', body('Parse_Portals_JSON')?['adx_websiteid'])"                 },                 "List_Related_Site_Settings_to_the_portal": {                   "runAfter": {                     "Parse_Portals_JSON": [                       "Succeeded"                     ]                   },                   "metadata": {                     "operationMetadataId": "91d4f210-43d1-4ed4-998a-7148fce8c703"                   },                   "type": "OpenApiConnection",                   "inputs": {                     "host": {                       "connectionName": "shared_commondataservice_3",                       "operationId": "GetItems_V2",                       "apiId": "/providers/Microsoft.PowerApps/apis/shared_commondataservice"                     },                     "parameters": {                       "dataset": "@triggerOutputs()?['body/admin_environmentcdsmetadataname']",                       "table": "adx_sitesettings",                       "$filter": "_adx_websiteid_value eq @{body('Parse_Portals_JSON')?['adx_websiteid']}"                     },                     "authentication": "@parameters('$authentication')"                   }                 },                 "Site_Settings_Filtering_for_Authentication_Types": {                   "actions": {                     "Filter_array:_Return_Local_Auth_Site_Setting": {                       "runAfter": {},                       "metadata": {                         "operationMetadataId": "22188e6b-29ee-4fc9-b2c1-d4825e46b321"                       },                       "type": "Query",                       "inputs": {                         "from": "@outputs('List_Related_Site_Settings_to_the_portal')?['body/value']",                         "where": "@equals(item()?['adx_name'], 'Authentication/Registration/LocalLoginEnabled')"                       }                     },                     "Auth_Local_Authentication_Enabled": {                       "runAfter": {                         "Filter_array:_Return_Local_Auth_Site_Setting": [                           "Succeeded"                         ]                       },                       "metadata": {                         "operationMetadataId": "c830a6dc-adb0-4362-bfa6-51b5f76ead69"                       },                       "type": "Compose",                       "inputs": "@if(equals(length(body('Filter_array:_Return_Local_Auth_Site_Setting')), 0), true, First(body('Filter_array:_Return_Local_Auth_Site_Setting'))['adx_value'])",                       "description": "if filter returned no rows, default to true, else get value"                     },                     "Filter_array:_Return_Open_Registration_Enabled_Site_Setting": {                       "runAfter": {                         "Auth_Local_Authentication_Enabled": [                           "Succeeded"                         ]                       },                       "metadata": {                         "operationMetadataId": "b8a3c950-dcee-46b9-b575-b9ff00f3902f"                       },                       "type": "Query",                       "inputs": {                         "from": "@outputs('List_Related_Site_Settings_to_the_portal')?['body/value']",                         "where": "@equals(item()?['adx_name'], 'Authentication/Registration/OpenRegistrationEnabled')"                       }                     },                     "Auth_Open_Registration_Enabled": {                       "runAfter": {                         "Filter_array:_Return_Open_Registration_Enabled_Site_Setting": [                           "Succeeded"                         ]                       },                       "metadata": {                         "operationMetadataId": "1e351ecc-8fb6-4003-a92a-53283faaf455"                       },                       "type": "Compose",                       "inputs": "@if(equals(length(body('Filter_array:_Return_Open_Registration_Enabled_Site_Setting')), 0), true, First(body('Filter_array:_Return_Open_Registration_Enabled_Site_Setting'))['adx_value'])",                       "description": "if filter returned no rows, default to true, else get value"                     },                     "Filter_Array:_Return_Local_Registration_Enabled_Site_Setting": {                       "runAfter": {                         "Auth_Open_Registration_Enabled": [                           "Succeeded"                         ]                       },                       "metadata": {                         "operationMetadataId": "64aac7ba-017e-4a44-a1a6-490befb619bc"                       },                       "type": "Query",                       "inputs": {                         "from": "@outputs('List_Related_Site_Settings_to_the_portal')?['body/value']",                         "where": "@equals(item()?['adx_name'], 'Authentication/Registration/Enabled')"                       }                     },                     "Auth_Local_Registration_Enabled": {                       "runAfter": {                         "Filter_Array:_Return_Local_Registration_Enabled_Site_Setting": [                           "Succeeded"                         ]                       },                       "metadata": {                         "operationMetadataId": "6e8a1960-5207-49fa-b47f-b9e6f6b2b7aa"                       },                       "type": "Compose",                       "inputs": "@if(equals(length(body('Filter_Array:_Return_Local_Registration_Enabled_Site_Setting')), 0), true, First(body('Filter_array:_Return_Local_Registration_Enabled_Site_Setting'))['adx_value'])",                       "description": "if filter returned no rows, default to true, else get value"                     },                     "Filter_Array:_Return_Invitation_Enabled_Site_Setting": {                       "runAfter": {                         "Auth_Local_Registration_Enabled": [                           "Succeeded"                         ]                       },                       "metadata": {                         "operationMetadataId": "a73d4afd-c62c-4e67-8a01-8665998c19e4"                       },                       "type": "Query",                       "inputs": {                         "from": "@outputs('List_Related_Site_Settings_to_the_portal')?['body/value']",                         "where": "@equals(item()?['adx_name'], 'Authentication/Registration/InvitationEnabled')"                       }                     },                     "Auth_Invitation_Enabled": {                       "runAfter": {                         "Filter_Array:_Return_Invitation_Enabled_Site_Setting": [                           "Succeeded"                         ]                       },                       "metadata": {                         "operationMetadataId": "a7097c18-739c-4ffe-a566-d8808c445c2a"                       },                       "type": "Compose",                       "inputs": "@if(equals(length(body('Filter_Array:_Return_Invitation_Enabled_Site_Setting')), 0), true, First(body('Filter_array:_Return_Invitation_Enabled_Site_Setting'))['adx_value'])",                       "description": "if filter returned no rows, default to true, else get value"                     },                     "Filter_Array:_Return_External_Identities_Enabled_Site_Setting": {                       "runAfter": {                         "Auth_Invitation_Enabled": [                           "Succeeded"                         ]                       },                       "metadata": {                         "operationMetadataId": "55402c9f-bf7b-4b6f-978d-057a1b9987d2"                       },                       "type": "Query",                       "inputs": {                         "from": "@outputs('List_Related_Site_Settings_to_the_portal')?['body/value']",                         "where": "@equals(item()?['adx_name'], 'Authentication/Registration/ExternalLoginEnabled')"                       }                     },                     "Auth_External_Identities_Enabled": {                       "runAfter": {                         "Filter_Array:_Return_External_Identities_Enabled_Site_Setting": [                           "Succeeded"                         ]                       },                       "metadata": {                         "operationMetadataId": "fa6b3a02-12a6-4e45-ad82-8c6732dfc0ae"                       },                       "type": "Compose",                       "inputs": "@if(equals(length(body('Filter_Array:_Return_External_Identities_Enabled_Site_Setting')), 0), true, First(body('Filter_array:_Return_External_Identities_Enabled_Site_Setting'))['adx_value'])",                       "description": "if filter returned no rows, default to true, else get value"                     }                   },                   "runAfter": {                     "List_Related_Site_Settings_to_the_portal": [                       "Succeeded"                     ]                   },                   "metadata": {                     "operationMetadataId": "47dcad0d-846a-4d7c-a3f3-1dc410155566"                   },                   "type": "Scope"                 },                 "Data_Security_": {                   "actions": {                     "List_Related_Entity_Lists_with_Table_Permissions_Disable": {                       "runAfter": {},                       "metadata": {                         "operationMetadataId": "79cb9f07-7c8f-46e8-8723-16f23181ab9e"                       },                       "type": "OpenApiConnection",                       "inputs": {                         "host": {                           "connectionName": "shared_commondataservice_3",                           "operationId": "GetItems_V2",                           "apiId": "/providers/Microsoft.PowerApps/apis/shared_commondataservice"                         },                         "parameters": {                           "dataset": "@triggerOutputs()?['body/admin_environmentcdsmetadataname']",                           "table": "adx_entitylists",                           "$filter": "_adx_websiteid_value eq @{body('Parse_Portals_JSON')?['adx_websiteid']} and adx_entitypermissionsenabled eq false"                         },                         "authentication": "@parameters('$authentication')"                       }                     },                     "Entity_List_Table_Permission_Enabled_Value": {                       "runAfter": {                         "List_Related_Entity_Lists_with_Table_Permissions_Disable": [                           "Succeeded",                           "Failed"                         ]                       },                       "metadata": {                         "operationMetadataId": "efdbba0b-7f6e-4f4e-b15e-0962b2f6c1f6"                       },                       "type": "Compose",                       "inputs": "@if(equals(length(outputs('List_Related_Entity_Lists_with_Table_Permissions_Disable')?['body/value']),0), true, false)",                       "description": "If Returned entity list count <=0 then table permissions enabled = true. Else  table permissions =false."                     },                     "List_Related_Basic_Forms_with_Table_Permissions_Disabled": {                       "runAfter": {                         "Entity_List_Table_Permission_Enabled_Value": [                           "Succeeded",                           "Failed"                         ]                       },                       "metadata": {                         "operationMetadataId": "e0770c34-2d66-4e93-8168-0f83b51bb398"                       },                       "type": "OpenApiConnection",                       "inputs": {                         "host": {                           "connectionName": "shared_commondataservice_3",                           "operationId": "GetItems_V2",                           "apiId": "/providers/Microsoft.PowerApps/apis/shared_commondataservice"                         },                         "parameters": {                           "dataset": "@triggerOutputs()?['body/admin_environmentcdsmetadataname']",                           "table": "adx_entityforms",                           "$filter": "_adx_websiteid_value eq @{body('Parse_Portals_JSON')?['adx_websiteid']} and adx_entitypermissionsenabled eq false"                         },                         "authentication": "@parameters('$authentication')"                       }                     },                     "Basic_Form_Table_Permission_Enabled_Value_": {                       "runAfter": {                         "List_Related_Basic_Forms_with_Table_Permissions_Disabled": [                           "Succeeded",                           "Failed"                         ]                       },                       "metadata": {                         "operationMetadataId": "9a845ea4-033e-4f4c-8131-8b164c6de28f"                       },                       "type": "Compose",                       "inputs": "@if(equals(length(outputs('List_Related_Basic_Forms_with_Table_Permissions_Disabled')?['body/value']), 0), true, false)",                       "description": "If Returned entity list count <=0 then table permissions enabled = true. Else  table permissions =false."                     },                     "List_Related_Advanced_Forms": {                       "runAfter": {                         "Basic_Form_Table_Permission_Enabled_Value_": [                           "Succeeded",                           "Failed"                         ]                       },                       "metadata": {                         "operationMetadataId": "cbd74439-692b-439f-aeb0-fe5c5a7d61be"                       },                       "type": "OpenApiConnection",                       "inputs": {                         "host": {                           "connectionName": "shared_commondataservice_3",                           "operationId": "GetItems_V2",                           "apiId": "/providers/Microsoft.PowerApps/apis/shared_commondataservice"                         },                         "parameters": {                           "dataset": "@triggerOutputs()?['body/admin_environmentcdsmetadataname']",                           "table": "adx_webforms",                           "$filter": "_adx_websiteid_value eq @{body('Parse_Portals_JSON')?['adx_websiteid']}"                         },                         "authentication": "@parameters('$authentication')"                       }                     },                     "Apply_to_each_Advanced_Form": {                       "foreach": "@outputs('List_Related_Advanced_Forms')?['body/value']",                       "actions": {                         "AdvancedFormID": {                           "runAfter": {},                           "metadata": {                             "operationMetadataId": "cd606b33-7ed7-43af-92fd-8afe0bf9e94f"                           },                           "type": "Compose",                           "inputs": "@items('Apply_to_each_Advanced_Form')?['adx_webformid']"                         },                         "List_Related_Advanced_Form_Steps_with_Table_Permissions_Disabled": {                           "runAfter": {                             "AdvancedFormID": [                               "Succeeded"                             ]                           },                           "metadata": {                             "operationMetadataId": "6edccd2f-3743-4c46-ab8a-905233c5f8e5"                           },                           "type": "OpenApiConnection",                           "inputs": {                             "host": {                               "connectionName": "shared_commondataservice_3",                               "operationId": "GetItems_V2",                               "apiId": "/providers/Microsoft.PowerApps/apis/shared_commondataservice"                             },                             "parameters": {                               "dataset": "@triggerOutputs()?['body/admin_environmentcdsmetadataname']",                               "table": "adx_webformsteps",                               "$filter": "_adx_webform_value eq @{outputs('AdvancedFormID')} and adx_entitypermissionsenabled eq false"                             },                             "authentication": "@parameters('$authentication')"                           }                         },                         "If_found_steps_with_permissions_disabled,_set_the_variable_to_true": {                           "actions": {                             "Set_AdvancedFormStepHasTablePermissionsEnabled_false": {                               "runAfter": {},                               "metadata": {                                 "operationMetadataId": "6a08d25e-b710-4e48-b0b0-767b57ac692c"                               },                               "type": "SetVariable",                               "inputs": {                                 "name": "AdvancedFormStepHasTablePermissionsEnabled",                                 "value": "@false"                               }                             }                           },                           "runAfter": {                             "List_Related_Advanced_Form_Steps_with_Table_Permissions_Disabled": [                               "Succeeded"                             ]                           },                           "expression": {                             "greater": [                               "@length(outputs('List_Related_Advanced_Form_Steps_with_Table_Permissions_Disabled')?['body/value'])",                               0                             ]                           },                           "metadata": {                             "operationMetadataId": "47d2bf8e-6306-4ed5-96f6-4f7394de1295"                           },                           "type": "If"                         }                       },                       "runAfter": {                         "List_Related_Advanced_Forms": [                           "Succeeded",                           "Failed"                         ]                       },                       "metadata": {                         "operationMetadataId": "9f377695-101e-40fe-b0ea-9badb2789920"                       },                       "type": "Foreach"                     },                     "All_Table_Permissions_Enbabled": {                       "runAfter": {                         "Apply_to_each_Advanced_Form": [                           "Succeeded"                         ]                       },                       "metadata": {                         "operationMetadataId": "a89daeda-14ac-45b2-9f1f-f990fef194f2"                       },                       "type": "Compose",                       "inputs": "@if(and(variables('AdvancedFormStepHasTablePermissionsEnabled'), outputs('Basic_Form_Table_Permission_Enabled_Value_'), outputs('Entity_List_Table_Permission_Enabled_Value')), true, false)"                     }                   },                   "runAfter": {                     "Site_Settings_Filtering_for_Authentication_Types": [                       "Succeeded"                     ]                   },                   "metadata": {                     "operationMetadataId": "41b56161-b45e-47c1-9b64-694b6a210cdc"                   },                   "type": "Scope"                 },                 "Reset_AdvancedFormStepHasTablePermissionsEnabled": {                   "runAfter": {                     "Reset_isNewToCOE": [                       "Succeeded"                     ]                   },                   "metadata": {                     "operationMetadataId": "6c91b1ac-21b5-443d-96dc-462199bf64f1"                   },                   "type": "SetVariable",                   "inputs": {                     "name": "AdvancedFormStepHasTablePermissionsEnabled",                     "value": "@true"                   }                 }               },               "runAfter": {                 "Remove_the_GUID_without_the_prefixes_from_using_old_connector": [                   "Succeeded"                 ]               },               "metadata": {                 "operationMetadataId": "85ba42d4-dec1-4f65-b8db-720df51cb994"               },               "type": "Foreach"             },             "Name_Length": {               "runAfter": {                 "Get_Environment_as_Admin": [                   "Succeeded"                 ]               },               "metadata": {                 "operationMetadataId": "8308402d-4e68-4804-914f-95f805e000e0"               },               "type": "Compose",               "inputs": "@sub(length(body('Get_Environment_as_Admin')?['name']), 36)",               "description": "Return index where GUID value starts"             },             "Remove_the_GUID_without_the_prefixes_from_using_old_connector": {               "runAfter": {                 "Name_Length": [                   "Succeeded"                 ]               },               "metadata": {                 "operationMetadataId": "0dbf8c3d-65b0-4fce-a54d-25715f4c2555"               },               "type": "Compose",               "inputs": "@substring(body('Get_Environment_as_Admin')?['name'], int(outputs('Name_Length')), 36)"             }           },           "runAfter": {             "Initialize_variable_AdvancedFormStepHasTablePermissionsEnabled": [               "Succeeded"             ]           },           "metadata": {             "operationMetadataId": "951719a3-92b2-4715-8b60-9beb16856c7b"           },           "type": "Scope"         },         "Clean_up_Envt_-_GitHub_1096": {           "actions": {             "Delete_all_portals_-_clean_up": {               "foreach": "@outputs('List_portals_for_this_envt_-_clean_up')?['body/value']",               "actions": {                 "Delete_a_row_-_clean_up": {                   "runAfter": {},                   "metadata": {                     "operationMetadataId": "c0a5761f-f07e-418f-89ec-eaf97259abb6"                   },                   "type": "OpenApiConnection",                   "inputs": {                     "host": {                       "connectionName": "shared_commondataserviceforapps_1",                       "operationId": "DeleteRecord",                       "apiId": "/providers/Microsoft.PowerApps/apis/shared_commondataserviceforapps"                     },                     "parameters": {                       "entityName": "admin_portals",                       "recordId": "@items('Delete_all_portals_-_clean_up')?['admin_portalid']"                     },                     "authentication": "@parameters('$authentication')",                     "retryPolicy": {                       "type": "exponential",                       "count": 10,                       "interval": "PT10S"                     }                   }                 }               },               "runAfter": {                 "List_portals_for_this_envt_-_clean_up": [                   "Succeeded"                 ]               },               "metadata": {                 "operationMetadataId": "be8b419a-0998-4da8-b975-2a67dede31a4"               },               "type": "Foreach"             },             "List_portals_for_this_envt_-_clean_up": {               "runAfter": {},               "metadata": {                 "operationMetadataId": "bb58a376-a4e6-4950-9c27-ad578ee6a76e"               },               "type": "OpenApiConnection",               "inputs": {                 "host": {                   "connectionName": "shared_commondataserviceforapps_1",                   "operationId": "ListRecords",                   "apiId": "/providers/Microsoft.PowerApps/apis/shared_commondataserviceforapps"                 },                 "parameters": {                   "entityName": "admin_portals",                   "$select": "admin_portalid",                   "$filter": "admin_portaluniquename eq null and _admin_portalenvironment_value eq '@{triggerOutputs()?['body/admin_environmentid']}'"                 },                 "authentication": "@parameters('$authentication')"               },               "runtimeConfiguration": {                 "paginationPolicy": {                   "minimumItemCount": 5000                 }               }             }           },           "runAfter": {             "Get_ADX_Websites._Terminate_if_no_portals": [               "Succeeded"             ]           },           "metadata": {             "operationMetadataId": "5376a089-b587-439a-8f04-af92b9fc6cb1"           },           "type": "Scope",           "description": "Scope added to clean up duplicate records as we changed GUID scheme. Will delete this scope in a few months after repair is complete. "         },         "Get_ADX_Websites._Terminate_if_no_portals": {           "actions": {             "List_ADX_Websites": {               "runAfter": {},               "metadata": {                 "operationMetadataId": "f2d83285-6028-442d-a929-e86419daee5b"               },               "type": "OpenApiConnection",               "inputs": {                 "host": {                   "connectionName": "shared_commondataservice_3",                   "operationId": "GetItems_V2",                   "apiId": "/providers/Microsoft.PowerApps/apis/shared_commondataservice"                 },                 "parameters": {                   "dataset": "@triggerOutputs()?['body/admin_environmentcdsmetadataname']",                   "table": "adx_websites"                 },                 "authentication": "@parameters('$authentication')",                 "retryPolicy": {                   "type": "exponential",                   "count": 10,                   "interval": "PT10S"                 }               },               "runtimeConfiguration": {                 "paginationPolicy": {                   "minimumItemCount": 5000                 }               }             },             "Terminate_if_no_portals": {               "runAfter": {                 "List_ADX_Websites": [                   "Failed",                   "TimedOut"                 ]               },               "metadata": {                 "operationMetadataId": "c8835cdf-694e-406a-98d7-9d1210bce72e"               },               "type": "Terminate",               "inputs": {                 "runStatus": "Succeeded"               }             }           },           "runAfter": {             "Check_if_Teams_SKU,_terminate_if_true": [               "Succeeded"             ]           },           "metadata": {             "operationMetadataId": "ae87a47e-c0e0-4ced-964e-e8d30a5b8d55"           },           "type": "Scope"         },         "Get_Portals_Fails_-_Error_Handling": {           "actions": {             "Create_a_new_record_-_Sync_Flow_Errors": {               "runAfter": {},               "metadata": {                 "operationMetadataId": "481357cb-2e63-49f4-8066-6c2fee35c5ac"               },               "type": "OpenApiConnection",               "inputs": {                 "host": {                   "connectionName": "shared_commondataserviceforapps_1",                   "operationId": "CreateRecord",                   "apiId": "/providers/Microsoft.PowerApps/apis/shared_commondataserviceforapps"                 },                 "parameters": {                   "entityName": "admin_syncflowerrorses",                   "item/admin_name": "Admin | Sync Template v3 (Portals)",                   "item/admin_environmentname": "@triggerOutputs()?['body/admin_displayname']",                   "item/admin_flowinstanceurl": "@concat(variables('flowEnvironment'), workflow()?['tags']['environmentName'], '/flows/', workflow()?['name'], '/runs/', workflow()?['run']['name'])"                 },                 "authentication": "@parameters('$authentication')"               }             },             "Terminate_": {               "runAfter": {                 "Create_a_new_record_-_Sync_Flow_Errors": [                   "Succeeded"                 ]               },               "metadata": {                 "operationMetadataId": "de76591a-2250-486e-b38e-c6926762bb0b"               },               "type": "Terminate",               "inputs": {                 "runStatus": "Failed",                 "runError": {                   "code": "500",                   "message": "Get Model Portals Failed"                 }               }             }           },           "runAfter": {             "Check_to_see_if_portal_Model_Driven_App_Exists._Store_in_Portal_COE_Entity": [               "Failed",               "TimedOut"             ]           },           "metadata": {             "operationMetadataId": "2c7e9d64-1478-4811-895e-ca2e72d10a2a"           },           "type": "Scope"         },         "Initialize_variable_flowEnvironment": {           "runAfter": {             "Initialize_variable_isOrphaned": [               "Succeeded"             ]           },           "metadata": {             "operationMetadataId": "0e3aded1-e12f-4727-9994-66615d01e724"           },           "type": "InitializeVariable",           "inputs": {             "variables": [               {                 "name": "flowEnvironment",                 "type": "string",                 "value": "@parameters('Power Automate Environment Variable (admin_PowerAutomateEnvironmentVariable)')"               }             ]           }         },         "Initialize_variable_fullInventory": {           "runAfter": {             "Initialize_variable_flowEnvironment": [               "Succeeded"             ]           },           "metadata": {             "operationMetadataId": "a280799e-da4b-4150-ba89-2617d3f67cf7"           },           "type": "InitializeVariable",           "inputs": {             "variables": [               {                 "name": "fullInventory",                 "type": "string",                 "value": "@{parameters('FullInventory (admin_FullInventory)')}"               }             ]           }         },         "Initialize_variable_isNewToCoE": {           "runAfter": {             "Clean_up_Envt_-_GitHub_1096": [               "Succeeded"             ]           },           "metadata": {             "operationMetadataId": "fa0828b7-450c-4f8b-82bb-e314a8e14249"           },           "type": "InitializeVariable",           "inputs": {             "variables": [               {                 "name": "isNewToCoE",                 "type": "boolean",                 "value": false               }             ]           }         },         "Initialize_variable_isOrphaned": {           "runAfter": {             "Initialize_variable_today": [               "Succeeded"             ]           },           "metadata": {             "operationMetadataId": "9b6ae97d-cc02-44e3-af1c-85bd12844727"           },           "type": "InitializeVariable",           "inputs": {             "variables": [               {                 "name": "isOrphaned",                 "type": "boolean",                 "value": "@false"               }             ]           }         },         "Initialize_variable_today": {           "runAfter": {             "Initialize_variable_isNewToCoE": [               "Succeeded"             ]           },           "metadata": {             "operationMetadataId": "f234c33d-3902-4a5b-b0ba-7e8f1c5f361d"           },           "type": "InitializeVariable",           "inputs": {             "variables": [               {                 "name": "today",                 "type": "string",                 "value": "@{utcNow()}"               }             ]           }         },         "Initialize_variable_AdvancedFormStepHasTablePermissionsEnabled": {           "runAfter": {             "Initialize_variable_fullInventory": [               "Succeeded"             ]           },           "metadata": {             "operationMetadataId": "f1abf91d-ebd9-46e4-abc3-cb6a7ee3350e"           },           "type": "InitializeVariable",           "inputs": {             "variables": [               {                 "name": "AdvancedFormStepHasTablePermissionsEnabled",                 "type": "boolean",                 "value": "@true"               }             ]           },           "description": "initialize to true meaning all steps have table permissions enabled"         }       },       "outputs": {}     }   },   "schemaVersion": "1.0.0.0" }
