{   "properties": {     "connectionReferences": {       "shared_commondataserviceforapps_1": {         "runtimeSource": "embedded",         "connection": {           "connectionReferenceLogicalName": "admin_CoECoreDataverse"         },         "api": {           "name": "shared_commondataserviceforapps"         }       },       "shared_powerappsforappmakers": {         "runtimeSource": "embedded",         "connection": {           "connectionReferenceLogicalName": "admin_CoECorePowerAppsMakers"         },         "api": {           "name": "shared_powerappsforappmakers"         }       },       "shared_powerplatformforadmins_1": {         "runtimeSource": "embedded",         "connection": {           "connectionReferenceLogicalName": "admin_CoECorePowerPlatformforAdmins"         },         "api": {           "name": "shared_powerplatformforadmins"         }       }     },     "definition": {       "$schema": "https://schema.management.azure.com/providers/Microsoft.Logic/schemas/2016-06-01/workflowdefinition.json#",       "contentVersion": "1.0.0.0",       "parameters": {         "$connections": {           "defaultValue": {},           "type": "Object"         },         "$authentication": {           "defaultValue": {},           "type": "SecureObject"         },         "Power Automate Environment Variable": {           "defaultValue": "https://us.flow.microsoft.com/manage/environments/",           "type": "String",           "metadata": {             "schemaName": "admin_PowerAutomateEnvironmentVariable",             "description": "Environment, including geographic location, for Power Automate - Ex for commercial: https://flow.microsoft.com/manage/environments/"           }         }       },       "triggers": {         "Recurrence": {           "recurrence": {             "frequency": "Day",             "interval": 1,             "schedule": {               "hours": [                 "1"               ]             }           },           "metadata": {             "operationMetadataId": "711ccb8d-44c7-446f-8297-4965a412945f"           },           "type": "Recurrence"         }       },       "actions": {         "Get_Connectors_and_store_in_CoE_CDS_Entity": {           "actions": {             "Apply_to_each_Standard_Connector": {               "foreach": "@outputs('Get_Connectors')?['body/value']",               "actions": {                 "validate_standard": {                   "actions": {                     "Get_Connector_Record": {                       "runAfter": {},                       "metadata": {                         "operationMetadataId": "f036e1f1-cf33-4ea9-b48e-7cebc450ba80"                       },                       "type": "OpenApiConnection",                       "inputs": {                         "host": {                           "connectionName": "shared_commondataserviceforapps_1",                           "operationId": "ListRecords",                           "apiId": "/providers/Microsoft.PowerApps/apis/shared_commondataserviceforapps"                         },                         "parameters": {                           "entityName": "admin_connectors",                           "$select": "admin_connectorid",                           "$filter": "admin_name eq '@{items('Apply_to_each_Standard_Connector')?['name']}'",                           "$top": 1                         },                         "authentication": "@parameters('$authentication')",                         "retryPolicy": {                           "type": "exponential",                           "count": 10,                           "interval": "PT10S"                         }                       }                     },                     "insert_or_update": {                       "actions": {                         "Update_a_record": {                           "runAfter": {},                           "metadata": {                             "operationMetadataId": "2e9a7cec-ff2b-4616-9e15-d8e940992eee"                           },                           "type": "OpenApiConnection",                           "inputs": {                             "host": {                               "connectionName": "shared_commondataserviceforapps_1",                               "operationId": "UpdateRecord",                               "apiId": "/providers/Microsoft.PowerApps/apis/shared_commondataserviceforapps"                             },                             "parameters": {                               "entityName": "admin_connectors",                               "recordId": "@first(outputs('Get_Connector_Record')?['body/value'])?['admin_connectorid']",                               "item/admin_displayname": "@items('Apply_to_each_Standard_Connector')?['properties/displayName']",                               "item/admin_name": "@items('Apply_to_each_Standard_Connector')?['name']",                               "item/admin_id": "@items('Apply_to_each_Standard_Connector')?['id']",                               "item/admin_backgroundcolor": "@items('Apply_to_each_Standard_Connector')?['properties/metadata/brandColor']",                               "item/admin_connectorcreateddatetime": "@items('Apply_to_each_Standard_Connector')?['properties/createdTime']",                               "item/admin_iconuri": "@items('Apply_to_each_Standard_Connector')?['properties/iconUri']",                               "item/admin_connectormodified": "@items('Apply_to_each_Standard_Connector')?['properties/changedTime']",                               "item/admin_iscustomapi": false,                               "item/admin_publisher": "@items('Apply_to_each_Standard_Connector')?['properties/publisher']",                               "item/admin_tier": "@items('Apply_to_each_Standard_Connector')?['properties/tier']"                             },                             "authentication": "@parameters('$authentication')"                           }                         }                       },                       "runAfter": {                         "Get_Connector_Record": [                           "Succeeded"                         ]                       },                       "else": {                         "actions": {                           "Create_a_new_record": {                             "runAfter": {},                             "metadata": {                               "operationMetadataId": "8534402c-2681-4c1e-a35f-5a2e0f9bcb9c"                             },                             "type": "OpenApiConnection",                             "inputs": {                               "host": {                                 "connectionName": "shared_commondataserviceforapps_1",                                 "operationId": "CreateRecord",                                 "apiId": "/providers/Microsoft.PowerApps/apis/shared_commondataserviceforapps"                               },                               "parameters": {                                 "entityName": "admin_connectors",                                 "item/admin_displayname": "@items('Apply_to_each_Standard_Connector')?['properties/displayName']",                                 "item/admin_name": "@items('Apply_to_each_Standard_Connector')?['name']",                                 "item/admin_id": "@items('Apply_to_each_Standard_Connector')?['id']",                                 "item/admin_backgroundcolor": "@items('Apply_to_each_Standard_Connector')?['properties/metadata/brandColor']",                                 "item/admin_connectorcreateddatetime": "@items('Apply_to_each_Standard_Connector')?['properties/createdTime']",                                 "item/admin_iconuri": "@items('Apply_to_each_Standard_Connector')?['properties/iconUri']",                                 "item/admin_connectormodified": "@items('Apply_to_each_Standard_Connector')?['properties/changedTime']",                                 "item/admin_iscustomapi": false,                                 "item/admin_publisher": "@items('Apply_to_each_Standard_Connector')?['properties/publisher']",                                 "item/admin_tier": "@items('Apply_to_each_Standard_Connector')?['properties/tier']"                               },                               "authentication": "@parameters('$authentication')",                               "retryPolicy": {                                 "type": "exponential",                                 "count": 10,                                 "interval": "PT10S"                               }                             }                           }                         }                       },                       "expression": {                         "greater": [                           "@length(outputs('Get_Connector_Record')?['body/value'])",                           0                         ]                       },                       "metadata": {                         "operationMetadataId": "f1f9445d-3ddb-4fcb-9b87-e7d55a90f9c6"                       },                       "type": "If"                     }                   },                   "runAfter": {},                   "expression": {                     "equals": [                       "@items('Apply_to_each_Standard_Connector')?['properties/isCustomApi']",                       "@false"                     ]                   },                   "metadata": {                     "operationMetadataId": "7feba47f-afab-4c4b-a5dc-7c55adb1f4a9"                   },                   "type": "If"                 }               },               "runAfter": {                 "Get_Connectors": [                   "Succeeded"                 ]               },               "metadata": {                 "operationMetadataId": "17e7ab6b-a741-40b3-9eaa-e3b34fdf49cc"               },               "type": "Foreach"             },             "Get_Connectors": {               "runAfter": {                 "Specialty_Connectors": [                   "Succeeded"                 ]               },               "metadata": {                 "operationMetadataId": "5cd124b5-5979-41ab-accc-15a133d70ea5"               },               "type": "OpenApiConnection",               "inputs": {                 "host": {                   "connectionName": "shared_powerappsforappmakers",                   "operationId": "Get-Connectors",                   "apiId": "/providers/Microsoft.PowerApps/apis/shared_powerappsforappmakers"                 },                 "parameters": {                   "showApisWithToS": "true",                   "$filter": "environment eq '@{outputs('Get_Environment_as_Admin')?['body/name']}'",                   "api-version": "2016-11-01",                   "$top": 250                 },                 "authentication": "@parameters('$authentication')"               },               "runtimeConfiguration": {                 "paginationPolicy": {                   "minimumItemCount": 100000                 }               }             },             "List_initial_Connector_records": {               "runAfter": {},               "metadata": {                 "operationMetadataId": "e6a66d12-42ff-4ae4-89ba-6ed427b64778"               },               "type": "OpenApiConnection",               "inputs": {                 "host": {                   "connectionName": "shared_commondataserviceforapps_1",                   "operationId": "ListRecords",                   "apiId": "/providers/Microsoft.PowerApps/apis/shared_commondataserviceforapps"                 },                 "parameters": {                   "entityName": "admin_connectors",                   "$filter": "admin_iscustomapi eq false"                 },                 "authentication": "@parameters('$authentication')",                 "retryPolicy": {                   "type": "exponential",                   "count": 10,                   "interval": "PT10S"                 }               },               "runtimeConfiguration": {                 "paginationPolicy": {                   "minimumItemCount": 100000                 }               }             },             "Select": {               "runAfter": {                 "List_initial_Connector_records": [                   "Succeeded"                 ]               },               "metadata": {                 "operationMetadataId": "67a0fba4-7203-4852-9ce4-c7c49ab1e98f"               },               "type": "Select",               "inputs": {                 "from": "@outputs('List_initial_Connector_records')?['body/value']",                 "select": "@item()?['admin_displayname']"               }             },             "Specialty_Connectors": {               "actions": {                 "List_Http": {                   "runAfter": {},                   "metadata": {                     "operationMetadataId": "ee734f72-173b-4708-8fd1-e88f10195826"                   },                   "type": "OpenApiConnection",                   "inputs": {                     "host": {                       "connectionName": "shared_commondataserviceforapps_1",                       "operationId": "ListRecords",                       "apiId": "/providers/Microsoft.PowerApps/apis/shared_commondataserviceforapps"                     },                     "parameters": {                       "entityName": "admin_connectors",                       "$select": "admin_connectorid",                       "$filter": "admin_id eq 'Http'",                       "$top": 1                     },                     "authentication": "@parameters('$authentication')"                   }                 },                 "insert_or_update_Http": {                   "actions": {                     "Update_HTTP": {                       "runAfter": {},                       "metadata": {                         "operationMetadataId": "689185ae-6688-48f0-96a0-607eee475656"                       },                       "type": "OpenApiConnection",                       "inputs": {                         "host": {                           "connectionName": "shared_commondataserviceforapps_1",                           "operationId": "UpdateRecord",                           "apiId": "/providers/Microsoft.PowerApps/apis/shared_commondataserviceforapps"                         },                         "parameters": {                           "entityName": "admin_connectors",                           "recordId": "@first(outputs('List_Http')?['body/value'])?['admin_connectorid']",                           "item/admin_displayname": "HTTP",                           "item/admin_name": "Http",                           "item/admin_id": "Http"                         },                         "authentication": "@parameters('$authentication')"                       }                     }                   },                   "runAfter": {                     "List_Http": [                       "Succeeded"                     ]                   },                   "else": {                     "actions": {                       "Add_HTTP": {                         "runAfter": {},                         "metadata": {                           "operationMetadataId": "5c479b83-ac35-4d6c-b9ad-206407f3f898"                         },                         "type": "OpenApiConnection",                         "inputs": {                           "host": {                             "connectionName": "shared_commondataserviceforapps_1",                             "operationId": "CreateRecord",                             "apiId": "/providers/Microsoft.PowerApps/apis/shared_commondataserviceforapps"                           },                           "parameters": {                             "entityName": "admin_connectors",                             "item/admin_displayname": "HTTP",                             "item/admin_name": "Http",                             "item/admin_id": "Http",                             "item/admin_publisher": "Microsoft",                             "item/admin_tier": "Premium"                           },                           "authentication": "@parameters('$authentication')"                         }                       }                     }                   },                   "expression": {                     "greater": [                       "@length(outputs('List_Http')?['body/value'])",                       0                     ]                   },                   "metadata": {                     "operationMetadataId": "71ef4c67-a5db-44a5-915f-db4d7282e8e8"                   },                   "type": "If"                 },                 "List_HttpWebhook": {                   "runAfter": {                     "insert_or_update_Http": [                       "Succeeded"                     ]                   },                   "metadata": {                     "operationMetadataId": "7a39cd19-d939-4096-bfa4-e65155ef439b"                   },                   "type": "OpenApiConnection",                   "inputs": {                     "host": {                       "connectionName": "shared_commondataserviceforapps_1",                       "operationId": "ListRecords",                       "apiId": "/providers/Microsoft.PowerApps/apis/shared_commondataserviceforapps"                     },                     "parameters": {                       "entityName": "admin_connectors",                       "$select": "admin_connectorid",                       "$filter": "admin_id eq 'HttpWebhook'",                       "$top": 1                     },                     "authentication": "@parameters('$authentication')"                   }                 },                 "List_HttpRequestReceived": {                   "runAfter": {                     "insert_or_update_HttpWebhook": [                       "Succeeded"                     ]                   },                   "metadata": {                     "operationMetadataId": "7f9ab01b-be8a-47b6-b309-6d861d8c66ef"                   },                   "type": "OpenApiConnection",                   "inputs": {                     "host": {                       "connectionName": "shared_commondataserviceforapps_1",                       "operationId": "ListRecords",                       "apiId": "/providers/Microsoft.PowerApps/apis/shared_commondataserviceforapps"                     },                     "parameters": {                       "entityName": "admin_connectors",                       "$select": "admin_connectorid",                       "$filter": "admin_id eq 'HttpRequestReceived'",                       "$top": 1                     },                     "authentication": "@parameters('$authentication')"                   }                 },                 "List_MicrosoftSpatialServices": {                   "runAfter": {                     "insert_or_update_HttpRequestReceived": [                       "Succeeded"                     ]                   },                   "metadata": {                     "operationMetadataId": "d8e8f7ad-99ad-4c70-9dc2-eda0ff33b8ff"                   },                   "type": "OpenApiConnection",                   "inputs": {                     "host": {                       "connectionName": "shared_commondataserviceforapps_1",                       "operationId": "ListRecords",                       "apiId": "/providers/Microsoft.PowerApps/apis/shared_commondataserviceforapps"                     },                     "parameters": {                       "entityName": "admin_connectors",                       "$select": "admin_connectorid",                       "$filter": "admin_id eq '/providers/Microsoft.PowerApps/apis/shared_microsoftspatialservices'",                       "$top": 1                     },                     "authentication": "@parameters('$authentication')"                   }                 },                 "insert_or_update_HttpWebhook": {                   "actions": {                     "Update_HttpWebhook": {                       "runAfter": {},                       "metadata": {                         "operationMetadataId": "de32277e-8612-4d34-882a-1433bc259895"                       },                       "type": "OpenApiConnection",                       "inputs": {                         "host": {                           "connectionName": "shared_commondataserviceforapps_1",                           "operationId": "UpdateRecord",                           "apiId": "/providers/Microsoft.PowerApps/apis/shared_commondataserviceforapps"                         },                         "parameters": {                           "entityName": "admin_connectors",                           "recordId": "@first(outputs('List_HttpWebhook')?['body/value'])?['admin_connectorid']",                           "item/admin_displayname": "Http Webhook",                           "item/admin_name": "HttpWebhook",                           "item/admin_id": "HttpWebhook"                         },                         "authentication": "@parameters('$authentication')"                       }                     }                   },                   "runAfter": {                     "List_HttpWebhook": [                       "Succeeded"                     ]                   },                   "else": {                     "actions": {                       "Add_HttpWebhook": {                         "runAfter": {},                         "metadata": {                           "operationMetadataId": "5c479b83-ac35-4d6c-b9ad-206407f3f898"                         },                         "type": "OpenApiConnection",                         "inputs": {                           "host": {                             "connectionName": "shared_commondataserviceforapps_1",                             "operationId": "CreateRecord",                             "apiId": "/providers/Microsoft.PowerApps/apis/shared_commondataserviceforapps"                           },                           "parameters": {                             "entityName": "admin_connectors",                             "item/admin_displayname": "Http Webhook",                             "item/admin_name": "HttpWebhook",                             "item/admin_id": "HttpWebhook",                             "item/admin_publisher": "Microsoft",                             "item/admin_tier": "Premium"                           },                           "authentication": "@parameters('$authentication')"                         }                       }                     }                   },                   "expression": {                     "greater": [                       "@length(outputs('List_HttpWebhook')?['body/value'])",                       0                     ]                   },                   "metadata": {                     "operationMetadataId": "71ef4c67-a5db-44a5-915f-db4d7282e8e8"                   },                   "type": "If"                 },                 "insert_or_update_HttpRequestReceived": {                   "actions": {                     "Update_HttpRequestReceived": {                       "runAfter": {},                       "metadata": {                         "operationMetadataId": "19bb5e75-127e-4456-a77e-c4209b6aadda"                       },                       "type": "OpenApiConnection",                       "inputs": {                         "host": {                           "connectionName": "shared_commondataserviceforapps_1",                           "operationId": "UpdateRecord",                           "apiId": "/providers/Microsoft.PowerApps/apis/shared_commondataserviceforapps"                         },                         "parameters": {                           "entityName": "admin_connectors",                           "recordId": "@first(outputs('List_HttpRequestReceived')?['body/value'])?['admin_connectorid']",                           "item/admin_displayname": "Http Request Received",                           "item/admin_name": "HttpRequestReceived",                           "item/admin_id": "HttpRequestReceived"                         },                         "authentication": "@parameters('$authentication')"                       }                     }                   },                   "runAfter": {                     "List_HttpRequestReceived": [                       "Succeeded"                     ]                   },                   "else": {                     "actions": {                       "Add_HttpRequestReceived": {                         "runAfter": {},                         "metadata": {                           "operationMetadataId": "5c479b83-ac35-4d6c-b9ad-206407f3f898"                         },                         "type": "OpenApiConnection",                         "inputs": {                           "host": {                             "connectionName": "shared_commondataserviceforapps_1",                             "operationId": "CreateRecord",                             "apiId": "/providers/Microsoft.PowerApps/apis/shared_commondataserviceforapps"                           },                           "parameters": {                             "entityName": "admin_connectors",                             "item/admin_displayname": "Http Request Received",                             "item/admin_name": "HttpRequestReceived",                             "item/admin_id": "HttpRequestReceived",                             "item/admin_publisher": "Microsoft",                             "item/admin_tier": "Premium"                           },                           "authentication": "@parameters('$authentication')"                         }                       }                     }                   },                   "expression": {                     "greater": [                       "@length(outputs('List_HttpRequestReceived')?['body/value'])",                       0                     ]                   },                   "metadata": {                     "operationMetadataId": "71ef4c67-a5db-44a5-915f-db4d7282e8e8"                   },                   "type": "If"                 },                 "insert_or_update_MicrosoftSpatialServices": {                   "actions": {                     "Update_MicrosoftSpatialServices": {                       "runAfter": {},                       "metadata": {                         "operationMetadataId": "a9130616-1e05-40be-9526-6489018d14bb"                       },                       "type": "OpenApiConnection",                       "inputs": {                         "host": {                           "connectionName": "shared_commondataserviceforapps_1",                           "operationId": "UpdateRecord",                           "apiId": "/providers/Microsoft.PowerApps/apis/shared_commondataserviceforapps"                         },                         "parameters": {                           "entityName": "admin_connectors",                           "recordId": "@first(outputs('List_MicrosoftSpatialServices')?['body/value'])?['admin_connectorid']",                           "item/admin_displayname": "Microsoft Spatial Services",                           "item/admin_name": "MicrosoftSpatialServices",                           "item/admin_id": "/providers/Microsoft.PowerApps/apis/shared_microsoftspatialservices"                         },                         "authentication": "@parameters('$authentication')"                       }                     }                   },                   "runAfter": {                     "List_MicrosoftSpatialServices": [                       "Succeeded"                     ]                   },                   "else": {                     "actions": {                       "Add_MicrosoftSpatialServices": {                         "runAfter": {},                         "metadata": {                           "operationMetadataId": "5c479b83-ac35-4d6c-b9ad-206407f3f898"                         },                         "type": "OpenApiConnection",                         "inputs": {                           "host": {                             "connectionName": "shared_commondataserviceforapps_1",                             "operationId": "CreateRecord",                             "apiId": "/providers/Microsoft.PowerApps/apis/shared_commondataserviceforapps"                           },                           "parameters": {                             "entityName": "admin_connectors",                             "item/admin_displayname": "Microsoft Spatial Services",                             "item/admin_name": "MicrosoftSpatialServices",                             "item/admin_id": "/providers/Microsoft.PowerApps/apis/shared_microsoftspatialservices",                             "item/admin_publisher": "Microsoft",                             "item/admin_tier": "Premium"                           },                           "authentication": "@parameters('$authentication')"                         }                       }                     }                   },                   "expression": {                     "greater": [                       "@length(outputs('List_MicrosoftSpatialServices')?['body/value'])",                       0                     ]                   },                   "metadata": {                     "operationMetadataId": "71ef4c67-a5db-44a5-915f-db4d7282e8e8"                   },                   "type": "If"                 }               },               "runAfter": {                 "Select": [                   "Succeeded"                 ]               },               "metadata": {                 "operationMetadataId": "b330093d-15a0-4eab-af9a-467e3a1e56c5"               },               "type": "Scope"             }           },           "runAfter": {             "Get_Default_Environments_Connectors": [               "Succeeded"             ]           },           "metadata": {             "operationMetadataId": "73a0e3ae-7efd-4b20-aed3-6cec4d49b5bd"           },           "type": "Scope"         },         "Get_Connectors_fails_-_Error_Handling": {           "actions": {             "Create_a_new_record_-_Sync_Flow_Errors": {               "runAfter": {},               "metadata": {                 "operationMetadataId": "d201f70b-ec6a-48ba-9855-ed4ae4d1eef1"               },               "type": "OpenApiConnection",               "inputs": {                 "host": {                   "connectionName": "shared_commondataserviceforapps_1",                   "operationId": "CreateRecord",                   "apiId": "/providers/Microsoft.PowerApps/apis/shared_commondataserviceforapps"                 },                 "parameters": {                   "entityName": "admin_syncflowerrorses",                   "item/admin_name": "Admin | Sync Template v3 (Connectors)",                   "item/admin_flowinstanceurl": "@concat(variables('flowEnvironment'), workflow()?['tags']['environmentName'], '/flows/', workflow()?['name'], '/runs/', workflow()?['run']['name'])"                 },                 "authentication": "@parameters('$authentication')",                 "retryPolicy": {                   "type": "exponential",                   "count": 10,                   "interval": "PT10S"                 }               }             },             "Terminate_2": {               "runAfter": {                 "Create_a_new_record_-_Sync_Flow_Errors": [                   "Succeeded"                 ]               },               "metadata": {                 "operationMetadataId": "1223cff9-ee20-4234-8101-036159b1c3dc"               },               "type": "Terminate",               "inputs": {                 "runStatus": "Failed",                 "runError": {                   "code": "500",                   "message": "Get Connectors failed"                 }               }             }           },           "runAfter": {             "Get_Connectors_and_store_in_CoE_CDS_Entity": [               "Failed"             ]           },           "metadata": {             "operationMetadataId": "fc57519d-03f6-448f-a8e9-bad1f7237500"           },           "type": "Scope"         },         "Get_Default_Environments_Connectors": {           "actions": {             "Filter_to_Default": {               "runAfter": {                 "List_Environments_as_Admin": [                   "Succeeded"                 ]               },               "metadata": {                 "operationMetadataId": "c712b3a0-bbfd-4ce2-a152-a67a194edfd7"               },               "type": "Query",               "inputs": {                 "from": "@outputs('List_Environments_as_Admin')?['body/value']",                 "where": "@equals(item()?['properties/environmentSku'], 'Default')"               }             },             "Get_Default_Envt_if_have_Permissions,_else_get_first_envt": {               "actions": {                 "Set_to_default": {                   "runAfter": {},                   "metadata": {                     "operationMetadataId": "b85cde35-239a-4742-8ca5-85d88cb4dfb3"                   },                   "type": "SetVariable",                   "inputs": {                     "name": "varEnvtNameForConnectors",                     "value": "@{first(body('Filter_to_Default'))?['name']}"                   }                 }               },               "runAfter": {                 "Filter_to_Default": [                   "Succeeded"                 ]               },               "else": {                 "actions": {                   "Set_to_first": {                     "runAfter": {},                     "metadata": {                       "operationMetadataId": "a7b1e7c3-ccc0-40f1-bf3a-7bef6b69f392"                     },                     "type": "SetVariable",                     "inputs": {                       "name": "varEnvtNameForConnectors",                       "value": "@{first(outputs('List_Environments_as_Admin')?['body/value'])?['name']}"                     }                   }                 }               },               "expression": {                 "greater": [                   "@length(body('Filter_to_Default'))",                   0                 ]               },               "metadata": {                 "operationMetadataId": "1d087284-15e1-4ff4-b6d5-48f2641ba142"               },               "type": "If"             },             "Get_Environment_as_Admin": {               "runAfter": {                 "Get_Default_Envt_if_have_Permissions,_else_get_first_envt": [                   "Succeeded"                 ]               },               "metadata": {                 "operationMetadataId": "ba73d126-0650-4029-b380-64913e2a7d27"               },               "type": "OpenApiConnection",               "inputs": {                 "host": {                   "connectionName": "shared_powerplatformforadmins_1",                   "operationId": "GetSingleEnvironment",                   "apiId": "/providers/Microsoft.PowerApps/apis/shared_powerplatformforadmins"                 },                 "parameters": {                   "environment": "@variables('varEnvtNameForConnectors')",                   "api-version": "2018-10-01"                 },                 "authentication": "@parameters('$authentication')"               }             },             "List_Environments_as_Admin": {               "runAfter": {},               "metadata": {                 "operationMetadataId": "c85945de-139c-4a30-9114-2d588ba0aca1"               },               "type": "OpenApiConnection",               "inputs": {                 "host": {                   "connectionName": "shared_powerplatformforadmins_1",                   "operationId": "Get-AdminEnvironment",                   "apiId": "/providers/Microsoft.PowerApps/apis/shared_powerplatformforadmins"                 },                 "parameters": {                   "api-version": "2020-09-01"                 },                 "authentication": "@parameters('$authentication')"               },               "runtimeConfiguration": {                 "paginationPolicy": {                   "minimumItemCount": 5000                 }               }             }           },           "runAfter": {             "Initialize_varEnvtNameForConnectors": [               "Succeeded"             ]           },           "metadata": {             "operationMetadataId": "16e9e62c-2669-4298-806d-1d24256b3567"           },           "type": "Scope"         },         "Initialize_varEnvtNameForConnectors": {           "runAfter": {             "Initialize_variable_flowEnvironment": [               "Succeeded"             ]           },           "metadata": {             "operationMetadataId": "e9f61408-d566-492a-9690-3011564608e5"           },           "type": "InitializeVariable",           "inputs": {             "variables": [               {                 "name": "varEnvtNameForConnectors",                 "type": "string"               }             ]           }         },         "Initialize_variable_flowEnvironment": {           "runAfter": {             "Initialize_variable_today": [               "Succeeded"             ]           },           "metadata": {             "operationMetadataId": "a2d4ceae-cf2d-42f7-8a5b-b2e0ad365232"           },           "type": "InitializeVariable",           "inputs": {             "variables": [               {                 "name": "flowEnvironment",                 "type": "string",                 "value": "@parameters('Power Automate Environment Variable')"               }             ]           },           "description": "Environment location specific Flow URL - remember / at the end"         },         "Initialize_variable_today": {           "runAfter": {},           "metadata": {             "operationMetadataId": "de21beb6-df8d-4221-b54c-4bbdb9face33"           },           "type": "InitializeVariable",           "inputs": {             "variables": [               {                 "name": "today",                 "type": "string",                 "value": "@{utcNow()}"               }             ]           }         }       },       "outputs": {}     }   },   "schemaVersion": "1.0.0.0" }
