{   "properties": {     "connectionReferences": {       "shared_powerappsforadmins_1": {         "runtimeSource": "embedded",         "connection": {           "connectionReferenceLogicalName": "admin_CoECorePowerAppsAdmin2"         },         "api": {           "name": "shared_powerappsforadmins"         }       },       "shared_commondataserviceforapps": {         "runtimeSource": "embedded",         "connection": {           "connectionReferenceLogicalName": "admin_CoECoreDataverse2"         },         "api": {           "name": "shared_commondataserviceforapps"         }       },       "shared_office365groups": {         "runtimeSource": "embedded",         "connection": {           "connectionReferenceLogicalName": "admin_CoECoreO365Groups"         },         "api": {           "name": "shared_office365groups"         }       },       "shared_office365users": {         "runtimeSource": "embedded",         "connection": {           "connectionReferenceLogicalName": "admin_CoECoreOffice365Users"         },         "api": {           "name": "shared_office365users"         }       }     },     "definition": {       "$schema": "https://schema.management.azure.com/providers/Microsoft.Logic/schemas/2016-06-01/workflowdefinition.json#",       "contentVersion": "1.0.0.0",       "parameters": {         "$connections": {           "defaultValue": {},           "type": "Object"         },         "$authentication": {           "defaultValue": {},           "type": "SecureObject"         }       },       "triggers": {         "manual": {           "metadata": {             "operationMetadataId": "67710f6e-1529-45ee-bea1-e8c9691bab01"           },           "type": "Request",           "kind": "Button",           "inputs": {             "schema": {               "type": "object",               "properties": {                 "text": {                   "title": "envtName",                   "type": "string",                   "x-ms-dynamically-added": true,                   "description": "Please enter your input",                   "x-ms-content-hint": "TEXT"                 }               },               "required": [                 "text"               ]             }           }         }       },       "actions": {         "Respond_to_a_PowerApp_or_flow": {           "runAfter": {             "Walk_the_Apps_in_this_Envt": [               "Succeeded"             ]           },           "metadata": {             "operationMetadataId": "b28449e1-bc60-41e2-b88f-3bc1962d6db4"           },           "type": "Response",           "kind": "PowerApp",           "inputs": {             "statusCode": 200,             "body": {               "returnvalue": "pass"             },             "schema": {               "type": "object",               "properties": {                 "returnvalue": {                   "title": "returnValue",                   "x-ms-dynamically-added": true,                   "type": "string"                 }               }             }           }         },         "Initialize_Group_Size": {           "runAfter": {},           "metadata": {             "operationMetadataId": "0b5299db-ef95-4b83-9362-06cf80834a1a"           },           "type": "InitializeVariable",           "inputs": {             "variables": [               {                 "name": "sharedGroupSize",                 "type": "integer",                 "value": 0               }             ]           }         },         "Initialize_User_Role_Object": {           "runAfter": {             "Initialize_Group_Size": [               "Succeeded"             ]           },           "metadata": {             "operationMetadataId": "bf6bcfd9-7912-45e6-876e-bf0d3d66ee70"           },           "type": "InitializeVariable",           "inputs": {             "variables": [               {                 "name": "userRoleObject",                 "type": "string"               }             ]           }         },         "Initialize_oData": {           "runAfter": {             "Initialize_User_Role_Object": [               "Succeeded"             ]           },           "metadata": {             "operationMetadataId": "01b35030-1c04-4e04-ae77-9fd0d985ac32"           },           "type": "InitializeVariable",           "inputs": {             "variables": [               {                 "name": "oData",                 "type": "string"               }             ]           }         },         "Get_Apps_as_Admin": {           "runAfter": {             "Initialize_oData": [               "Succeeded"             ]           },           "metadata": {             "operationMetadataId": "489d7a10-9a00-4734-99da-85e86d8c749a"           },           "type": "OpenApiConnection",           "inputs": {             "host": {               "connectionName": "shared_powerappsforadmins_1",               "operationId": "Get-AdminApps",               "apiId": "/providers/Microsoft.PowerApps/apis/shared_powerappsforadmins"             },             "parameters": {               "environment": "@triggerBody()['text']",               "api-version": "2016-11-01",               "$top": 250             },             "authentication": {               "type": "Raw",               "value": "@json(decodeBase64(triggerOutputs().headers['X-MS-APIM-Tokens']))['$ConnectionKey']"             }           },           "runtimeConfiguration": {             "paginationPolicy": {               "minimumItemCount": 100000             }           }         },         "Filter_To_Non_Embedded_Apps": {           "runAfter": {             "Get_Apps_as_Admin": [               "Succeeded"             ]           },           "metadata": {             "operationMetadataId": "3fff400c-654d-44be-afc9-4f1aea7dbf81"           },           "type": "Query",           "inputs": {             "from": "@outputs('Get_Apps_as_Admin')?['body/value']",             "where": "@not(equals(item()?['properties']?['embeddedApp']?['type'], 'SharepointFormApp'))"           }         },         "Walk_the_Apps_in_this_Envt": {           "foreach": "@body('Filter_To_Non_Embedded_Apps')",           "actions": {             "Get_a_record": {               "runAfter": {},               "metadata": {                 "operationMetadataId": "58a1b4b1-9ea6-44af-a087-de9645d26eff"               },               "type": "OpenApiConnection",               "inputs": {                 "host": {                   "connectionName": "shared_commondataserviceforapps",                   "operationId": "GetItem",                   "apiId": "/providers/Microsoft.PowerApps/apis/shared_commondataserviceforapps"                 },                 "parameters": {                   "entityName": "admin_apps",                   "recordId": "@items('Walk_the_Apps_in_this_Envt')?['name']"                 },                 "authentication": {                   "type": "Raw",                   "value": "@json(decodeBase64(triggerOutputs().headers['X-MS-APIM-Tokens']))['$ConnectionKey']"                 },                 "retryPolicy": {                   "type": "exponential",                   "count": 10,                   "interval": "PT10S"                 }               }             },             "catch_not_yet_in_inventory": {               "runAfter": {                 "Get_a_record": [                   "Failed"                 ]               },               "metadata": {                 "operationMetadataId": "00575e45-924c-4269-a3c9-c56edc47619e"               },               "type": "Compose",               "inputs": "catch not yet in inventory"             },             "Roles_for_this_app": {               "actions": {                 "Get_App_Role_Assignments_as_Admin": {                   "runAfter": {},                   "metadata": {                     "operationMetadataId": "7d97c9ac-572b-4c8e-9a83-225db4614d14"                   },                   "type": "OpenApiConnection",                   "inputs": {                     "host": {                       "connectionName": "shared_powerappsforadmins_1",                       "operationId": "Get-AdminAppRoleAssignment",                       "apiId": "/providers/Microsoft.PowerApps/apis/shared_powerappsforadmins"                     },                     "parameters": {                       "environment": "@triggerBody()['text']",                       "app": "@items('Walk_the_Apps_in_this_Envt')?['name']",                       "api-version": "2016-11-01",                       "$top": 250                     },                     "authentication": {                       "type": "Raw",                       "value": "@json(decodeBase64(triggerOutputs().headers['X-MS-APIM-Tokens']))['$ConnectionKey']"                     }                   },                   "runtimeConfiguration": {                     "paginationPolicy": {                       "minimumItemCount": 100000                     }                   }                 },                 "catch_no_roles": {                   "runAfter": {                     "Get_App_Role_Assignments_as_Admin": [                       "Failed"                     ]                   },                   "metadata": {                     "operationMetadataId": "8f64e54b-2fa5-4659-be40-317e6c700a43"                   },                   "type": "Compose",                   "inputs": "catch no roles"                 },                 "Apply_to_each": {                   "foreach": "@outputs('Get_App_Role_Assignments_as_Admin')?['body/value']",                   "actions": {                     "Switch": {                       "runAfter": {},                       "cases": {                         "Group": {                           "case": "Group",                           "actions": {                             "List_group_members": {                               "runAfter": {},                               "type": "OpenApiConnection",                               "inputs": {                                 "host": {                                   "connectionName": "shared_office365groups",                                   "operationId": "ListGroupMembers",                                   "apiId": "/providers/Microsoft.PowerApps/apis/shared_office365groups"                                 },                                 "parameters": {                                   "groupId": "@items('Apply_to_each')?['properties']?['principal']?['id']"                                 },                                 "authentication": {                                   "type": "Raw",                                   "value": "@json(decodeBase64(triggerOutputs().headers['X-MS-APIM-Tokens']))['$ConnectionKey']"                                 }                               },                               "runtimeConfiguration": {                                 "paginationPolicy": {                                   "minimumItemCount": 100000                                 }                               }                             },                             "Set_Group_Size_for_Groups": {                               "runAfter": {                                 "List_group_members": [                                   "Succeeded"                                 ]                               },                               "type": "SetVariable",                               "inputs": {                                 "name": "sharedGroupSize",                                 "value": "@length(outputs('List_group_members')?['body/value'])"                               }                             }                           }                         },                         "User": {                           "case": "User",                           "actions": {                             "Set_Group_Size_for_User": {                               "runAfter": {},                               "type": "SetVariable",                               "inputs": {                                 "name": "sharedGroupSize",                                 "value": 1                               }                             }                           }                         }                       },                       "default": {                         "actions": {}                       },                       "expression": "@items('Apply_to_each')?['properties/principal/type']",                       "metadata": {                         "operationMetadataId": "19b456ff-b313-4698-b699-3b248fff0b3c"                       },                       "type": "Switch"                     },                     "Upsert_Power_Platform_User": {                       "actions": {                         "Compose_User_Unique_ID": {                           "runAfter": {},                           "metadata": {                             "operationMetadataId": "5cc0645f-1b41-44d7-8e91-2b479604890a"                           },                           "type": "Compose",                           "inputs": "@coalesce(items('Apply_to_each')?['properties/principal/id'], items('Apply_to_each')?['properties/principal/tenantId'])"                         },                         "proceed_if_id_not_null": {                           "actions": {                             "Get_user_profile_(V2)": {                               "runAfter": {},                               "metadata": {                                 "operationMetadataId": "91dbdac5-8c71-483f-820f-7df075f992d6"                               },                               "type": "OpenApiConnection",                               "inputs": {                                 "host": {                                   "connectionName": "shared_office365users",                                   "operationId": "UserProfile_V2",                                   "apiId": "/providers/Microsoft.PowerApps/apis/shared_office365users"                                 },                                 "parameters": {                                   "id": "@outputs('Compose_User_Unique_ID')",                                   "$select": "city,country,department,jobTitle,officeLocation,statusCode,userPrincipalName, displayName, id, companyName"                                 },                                 "authentication": {                                   "type": "Raw",                                   "value": "@json(decodeBase64(triggerOutputs().headers['X-MS-APIM-Tokens']))['$ConnectionKey']"                                 }                               }                             },                             "Switch_on_get_user": {                               "runAfter": {                                 "Get_user_profile_(V2)": [                                   "Succeeded",                                   "Failed"                                 ]                               },                               "cases": {                                 "200_Success": {                                   "case": 200,                                   "actions": {                                     "Update_Power_Platform_User_": {                                       "runAfter": {},                                       "type": "OpenApiConnection",                                       "inputs": {                                         "host": {                                           "connectionName": "shared_commondataserviceforapps",                                           "operationId": "UpdateRecord",                                           "apiId": "/providers/Microsoft.PowerApps/apis/shared_commondataserviceforapps"                                         },                                         "parameters": {                                           "entityName": "admin_powerplatformusers",                                           "recordId": "@coalesce(items('Apply_to_each')?['properties/principal/id'], items('Apply_to_each')?['properties/principal/tenantId'])",                                           "item/admin_displayname": "@coalesce(items('Apply_to_each')?['properties/principal/displayName'], 'Tenant')",                                           "item/admin_company": "@outputs('Get_user_profile_(V2)')?['body/companyName']",                                           "item/admin_department": "@outputs('Get_user_profile_(V2)')?['body/department']",                                           "item/admin_groupsize": "@variables('sharedGroupSize')",                                           "item/admin_type": "@items('Apply_to_each')?['properties/principal/type']",                                           "item/admin_userprincipalname": "@coalesce(items('Apply_to_each')?['properties/principal/email'], '')"                                         },                                         "authentication": {                                           "type": "Raw",                                           "value": "@json(decodeBase64(triggerOutputs().headers['X-MS-APIM-Tokens']))['$ConnectionKey']"                                         }                                       }                                     },                                     "Insert_Power_Platform_User": {                                       "runAfter": {                                         "Update_Power_Platform_User_": [                                           "Failed"                                         ]                                       },                                       "type": "OpenApiConnection",                                       "inputs": {                                         "host": {                                           "connectionName": "shared_commondataserviceforapps",                                           "operationId": "CreateRecord",                                           "apiId": "/providers/Microsoft.PowerApps/apis/shared_commondataserviceforapps"                                         },                                         "parameters": {                                           "entityName": "admin_powerplatformusers",                                           "item/admin_displayname": "@coalesce(items('Apply_to_each')?['properties/principal/displayName'], 'Tenant')",                                           "item/admin_company": "@outputs('Get_user_profile_(V2)')?['body/companyName']",                                           "item/admin_department": "@outputs('Get_user_profile_(V2)')?['body/department']",                                           "item/admin_groupsize": "@variables('sharedGroupSize')",                                           "item/admin_powerplatformuserid": "@coalesce(items('Apply_to_each')?['properties/principal/id'], items('Apply_to_each')?['properties/principal/tenantId'])",                                           "item/admin_userprincipalname": "@coalesce(items('Apply_to_each')?['properties/principal/email'], '')"                                         },                                         "authentication": {                                           "type": "Raw",                                           "value": "@json(decodeBase64(triggerOutputs().headers['X-MS-APIM-Tokens']))['$ConnectionKey']"                                         }                                       }                                     },                                     "Get_user_photo_(V2)": {                                       "runAfter": {                                         "Insert_Power_Platform_User": [                                           "Succeeded",                                           "Skipped"                                         ]                                       },                                       "type": "OpenApiConnection",                                       "inputs": {                                         "host": {                                           "connectionName": "shared_office365users",                                           "operationId": "UserPhoto_V2",                                           "apiId": "/providers/Microsoft.PowerApps/apis/shared_office365users"                                         },                                         "parameters": {                                           "id": "@outputs('Compose_User_Unique_ID')"                                         },                                         "authentication": {                                           "type": "Raw",                                           "value": "@json(decodeBase64(triggerOutputs().headers['X-MS-APIM-Tokens']))['$ConnectionKey']"                                         }                                       }                                     },                                     "update_if_not_null": {                                       "actions": {                                         "Upload_a_file_or_an_image": {                                           "runAfter": {},                                           "type": "OpenApiConnection",                                           "inputs": {                                             "host": {                                               "connectionName": "shared_commondataserviceforapps",                                               "operationId": "UpdateEntityFileImageFieldContent",                                               "apiId": "/providers/Microsoft.PowerApps/apis/shared_commondataserviceforapps"                                             },                                             "parameters": {                                               "entityName": "admin_powerplatformusers",                                               "recordId": "@outputs('Compose_User_Unique_ID')",                                               "fileImageFieldName": "admin_photoobject",                                               "item": "@body('Get_user_photo_(V2)')",                                               "x-ms-file-name": "@{outputs('Get_user_profile_(V2)')?['body/id']}_pic"                                             },                                             "authentication": {                                               "type": "Raw",                                               "value": "@json(decodeBase64(triggerOutputs().headers['X-MS-APIM-Tokens']))['$ConnectionKey']"                                             }                                           }                                         }                                       },                                       "runAfter": {                                         "Get_user_photo_(V2)": [                                           "Succeeded"                                         ]                                       },                                       "expression": {                                         "not": {                                           "equals": [                                             "@body('Get_user_photo_(V2)')",                                             "@null"                                           ]                                         }                                       },                                       "type": "If"                                     }                                   }                                 },                                 "404_File_Not_Found": {                                   "case": 404,                                   "actions": {                                     "Update_Power_Platform_User_-_no_o365_details": {                                       "runAfter": {},                                       "type": "OpenApiConnection",                                       "inputs": {                                         "host": {                                           "connectionName": "shared_commondataserviceforapps",                                           "operationId": "UpdateRecord",                                           "apiId": "/providers/Microsoft.PowerApps/apis/shared_commondataserviceforapps"                                         },                                         "parameters": {                                           "entityName": "admin_powerplatformusers",                                           "recordId": "@coalesce(items('Apply_to_each')?['properties/principal/id'], items('Apply_to_each')?['properties/principal/tenantId'])",                                           "item/admin_displayname": "@coalesce(items('Apply_to_each')?['properties/principal/displayName'], 'Tenant')",                                           "item/admin_groupsize": "@variables('sharedGroupSize')",                                           "item/admin_type": "@items('Apply_to_each')?['properties/principal/type']",                                           "item/admin_userprincipalname": "@coalesce(items('Apply_to_each')?['properties/principal/email'], '')"                                         },                                         "authentication": {                                           "type": "Raw",                                           "value": "@json(decodeBase64(triggerOutputs().headers['X-MS-APIM-Tokens']))['$ConnectionKey']"                                         },                                         "retryPolicy": {                                           "type": "exponential",                                           "count": 10,                                           "interval": "PT10S"                                         }                                       }                                     },                                     "Insert_Power_Platform_User_-_no_o365_details": {                                       "runAfter": {                                         "Update_Power_Platform_User_-_no_o365_details": [                                           "Failed"                                         ]                                       },                                       "type": "OpenApiConnection",                                       "inputs": {                                         "host": {                                           "connectionName": "shared_commondataserviceforapps",                                           "operationId": "CreateRecord",                                           "apiId": "/providers/Microsoft.PowerApps/apis/shared_commondataserviceforapps"                                         },                                         "parameters": {                                           "entityName": "admin_powerplatformusers",                                           "item/admin_displayname": "@coalesce(items('Apply_to_each')?['properties/principal/displayName'], 'Tenant')",                                           "item/admin_groupsize": "@variables('sharedGroupSize')",                                           "item/admin_powerplatformuserid": "@coalesce(items('Apply_to_each')?['properties/principal/id'], items('Apply_to_each')?['properties/principal/tenantId'])",                                           "item/admin_userprincipalname": "@coalesce(items('Apply_to_each')?['properties/principal/email'], '')"                                         },                                         "authentication": {                                           "type": "Raw",                                           "value": "@json(decodeBase64(triggerOutputs().headers['X-MS-APIM-Tokens']))['$ConnectionKey']"                                         },                                         "retryPolicy": {                                           "type": "exponential",                                           "count": 10,                                           "interval": "PT10S"                                         }                                       },                                       "description": "If Update fails, try Insert"                                     }                                   }                                 }                               },                               "default": {                                 "actions": {}                               },                               "expression": "@outputs('Get_user_profile_(V2)')['statusCode']",                               "metadata": {                                 "operationMetadataId": "710227f9-7939-4668-9258-2a59a50b4cab"                               },                               "type": "Switch"                             }                           },                           "runAfter": {                             "Compose_User_Unique_ID": [                               "Succeeded"                             ]                           },                           "expression": {                             "not": {                               "equals": [                                 "@outputs('Compose_User_Unique_ID')",                                 "@null"                               ]                             }                           },                           "metadata": {                             "operationMetadataId": "94190e5b-851f-4e7a-b499-b5201b0ef8d8"                           },                           "type": "If",                           "description": "It's possible to add a role programmatically but incorrectly"                         }                       },                       "runAfter": {                         "Switch": [                           "Succeeded"                         ]                       },                       "metadata": {                         "operationMetadataId": "8f891513-db45-4460-8425-968dc6e8fa13"                       },                       "type": "Scope"                     },                     "Upsert_Power_Platform_User_Role": {                       "actions": {                         "List_records": {                           "runAfter": {},                           "metadata": {                             "operationMetadataId": "cc78b6d1-060f-403d-b821-096f353f24f4"                           },                           "type": "OpenApiConnection",                           "inputs": {                             "host": {                               "connectionName": "shared_commondataserviceforapps",                               "operationId": "ListRecords",                               "apiId": "/providers/Microsoft.PowerApps/apis/shared_commondataserviceforapps"                             },                             "parameters": {                               "entityName": "admin_powerplatformuserroles",                               "$select": "admin_powerplatformuserroleid",                               "$filter": "admin_resourceuserlink eq '@{concat(items('Apply_to_each')?['name'], outputs('Get_a_record')?['body/admin_appid'])}'"                             },                             "authentication": {                               "type": "Raw",                               "value": "@json(decodeBase64(triggerOutputs().headers['X-MS-APIM-Tokens']))['$ConnectionKey']"                             }                           },                           "runtimeConfiguration": {                             "paginationPolicy": {                               "minimumItemCount": 100000                             }                           }                         },                         "Apply_to_each_record": {                           "foreach": "@outputs('List_records')?['body/value']",                           "actions": {                             "Set_variable": {                               "runAfter": {},                               "metadata": {                                 "operationMetadataId": "60388144-af9e-49a7-8941-dbf2e0588d6b"                               },                               "type": "SetVariable",                               "inputs": {                                 "name": "userRoleObject",                                 "value": "@items('Apply_to_each_record')?['admin_powerplatformuserroleid']"                               }                             }                           },                           "runAfter": {                             "List_records": [                               "Succeeded"                             ]                           },                           "metadata": {                             "operationMetadataId": "85bf13ab-5817-4716-a060-4061c671cc7a"                           },                           "type": "Foreach"                         },                         "Condition": {                           "actions": {                             "Create_Power_Platform_User_Role": {                               "runAfter": {},                               "metadata": {                                 "operationMetadataId": "b59e3c8c-dcbe-449a-aea2-e91630e72648"                               },                               "type": "OpenApiConnection",                               "inputs": {                                 "host": {                                   "connectionName": "shared_commondataserviceforapps",                                   "operationId": "CreateRecord",                                   "apiId": "/providers/Microsoft.PowerApps/apis/shared_commondataserviceforapps"                                 },                                 "parameters": {                                   "entityName": "admin_powerplatformuserroles",                                   "item/admin_name": "@concat(items('Apply_to_each')?['name'], outputs('Get_a_record')?['body/admin_appid'])",                                   "item/admin_App@odata.bind": "admin_apps(@{outputs('Get_a_record')?['body/admin_appid']})",                                   "item/admin_Environment@odata.bind": "admin_environments(@{outputs('Get_a_record')?['body/_admin_appenvironment_value']})",                                   "item/admin_groupsize": "@variables('sharedGroupSize')",                                   "item/admin_resourcetype": "App",                                   "item/admin_resourceuserlink": "@concat(items('Apply_to_each')?['name'], outputs('Get_a_record')?['body/admin_appid'])",                                   "item/admin_rolename": "@items('Apply_to_each')?['properties/roleName']"                                 },                                 "authentication": {                                   "type": "Raw",                                   "value": "@json(decodeBase64(triggerOutputs().headers['X-MS-APIM-Tokens']))['$ConnectionKey']"                                 },                                 "retryPolicy": {                                   "type": "exponential",                                   "count": 10,                                   "interval": "PT10S"                                 }                               }                             },                             "Set_OData_ID_from_Create": {                               "runAfter": {                                 "Create_Power_Platform_User_Role": [                                   "Succeeded"                                 ]                               },                               "metadata": {                                 "operationMetadataId": "4d5b87e0-db20-4157-87e1-4a9ae6072a51"                               },                               "type": "SetVariable",                               "inputs": {                                 "name": "oData",                                 "value": "@{outputs('Create_Power_Platform_User_Role')?['body/@odata.id']}"                               }                             }                           },                           "runAfter": {                             "Apply_to_each_record": [                               "Succeeded"                             ]                           },                           "else": {                             "actions": {                               "Update_Power_Platform_User_Role": {                                 "runAfter": {},                                 "metadata": {                                   "operationMetadataId": "0473e66d-9fa6-4e6c-812b-b1cb1cf42e4c"                                 },                                 "type": "OpenApiConnection",                                 "inputs": {                                   "host": {                                     "connectionName": "shared_commondataserviceforapps",                                     "operationId": "UpdateRecord",                                     "apiId": "/providers/Microsoft.PowerApps/apis/shared_commondataserviceforapps"                                   },                                   "parameters": {                                     "entityName": "admin_powerplatformuserroles",                                     "recordId": "@variables('userRoleObject')",                                     "item/admin_App@odata.bind": "admin_apps(@{outputs('Get_a_record')?['body/admin_appid']})",                                     "item/admin_Environment@odata.bind": "admin_environments(@{outputs('Get_a_record')?['body/_admin_appenvironment_value']})",                                     "item/admin_groupsize": "@variables('sharedGroupSize')",                                     "item/admin_resourcetype": "App",                                     "item/admin_rolename": "@items('Apply_to_each')?['properties/roleName']"                                   },                                   "authentication": {                                     "type": "Raw",                                     "value": "@json(decodeBase64(triggerOutputs().headers['X-MS-APIM-Tokens']))['$ConnectionKey']"                                   },                                   "retryPolicy": {                                     "type": "exponential",                                     "count": 10,                                     "interval": "PT10S"                                   }                                 }                               },                               "Set_OData_ID_from_Update": {                                 "runAfter": {                                   "Update_Power_Platform_User_Role": [                                     "Succeeded"                                   ]                                 },                                 "metadata": {                                   "operationMetadataId": "3e717dfa-b12c-4af8-a9a4-3fc54e9c4e73"                                 },                                 "type": "SetVariable",                                 "inputs": {                                   "name": "oData",                                   "value": "@{outputs('Update_Power_Platform_User_Role')?['body/@odata.id']}"                                 }                               }                             }                           },                           "expression": {                             "equals": [                               "@length(outputs('List_records')?['body/value'])",                               0                             ]                           },                           "metadata": {                             "operationMetadataId": "c3b53adf-7500-4af9-9834-55d470292c16"                           },                           "type": "If"                         }                       },                       "runAfter": {                         "Upsert_Power_Platform_User": [                           "Succeeded"                         ]                       },                       "metadata": {                         "operationMetadataId": "35cdcfcf-5764-48ba-83ec-209799244009"                       },                       "type": "Scope"                     },                     "relate_role_if_id_exists": {                       "actions": {                         "Relate_User_with_Role": {                           "runAfter": {},                           "metadata": {                             "operationMetadataId": "ff1386ee-38a9-4837-a55b-8a1c19ecbc70"                           },                           "type": "OpenApiConnection",                           "inputs": {                             "host": {                               "connectionName": "shared_commondataserviceforapps",                               "operationId": "AssociateEntities",                               "apiId": "/providers/Microsoft.PowerApps/apis/shared_commondataserviceforapps"                             },                             "parameters": {                               "entityName": "admin_powerplatformusers",                               "recordId": "@outputs('Compose_User_Unique_ID')",                               "associationEntityRelationship": "admin_PowerPlatformUser_User",                               "item/@odata.id": "@variables('oData')"                             },                             "authentication": {                               "type": "Raw",                               "value": "@json(decodeBase64(triggerOutputs().headers['X-MS-APIM-Tokens']))['$ConnectionKey']"                             },                             "retryPolicy": {                               "type": "exponential",                               "count": 10,                               "interval": "PT10S"                             }                           }                         },                         "Relate_App_with_Role": {                           "runAfter": {                             "Relate_User_with_Role": [                               "Failed"                             ]                           },                           "metadata": {                             "operationMetadataId": "485e8260-f39f-409e-a60d-befcaaf16733"                           },                           "type": "OpenApiConnection",                           "inputs": {                             "host": {                               "connectionName": "shared_commondataserviceforapps",                               "operationId": "AssociateEntities",                               "apiId": "/providers/Microsoft.PowerApps/apis/shared_commondataserviceforapps"                             },                             "parameters": {                               "entityName": "admin_apps",                               "recordId": "@outputs('Get_a_record')?['body/admin_appid']",                               "associationEntityRelationship": "admin_PowerPlatformUserRole_App_admin_App",                               "item/@odata.id": "@coalesce(outputs('Update_Power_Platform_User_Role')?['body/@odata.id'], outputs('Create_Power_Platform_User_Role')?['body/@odata.id'])"                             },                             "authentication": {                               "type": "Raw",                               "value": "@json(decodeBase64(triggerOutputs().headers['X-MS-APIM-Tokens']))['$ConnectionKey']"                             },                             "retryPolicy": {                               "type": "exponential",                               "count": 10,                               "interval": "PT10S"                             }                           }                         }                       },                       "runAfter": {                         "Upsert_Power_Platform_User_Role": [                           "Succeeded"                         ]                       },                       "expression": {                         "not": {                           "equals": [                             "@outputs('Compose_User_Unique_ID')",                             "@null"                           ]                         }                       },                       "metadata": {                         "operationMetadataId": "99e9e96b-6eed-4b39-a31c-77412be66889"                       },                       "type": "If"                     }                   },                   "runAfter": {                     "catch_no_roles": [                       "Skipped"                     ]                   },                   "metadata": {                     "operationMetadataId": "6f3a5773-ab6f-4094-8a01-b1ee1de4ee4d"                   },                   "type": "Foreach"                 },                 "List_Power_Platform_Users": {                   "runAfter": {                     "Filter_to_shared_with_tenant": [                       "Succeeded"                     ]                   },                   "metadata": {                     "operationMetadataId": "03f0465b-474c-4eed-9a23-ecdfb0b22e8b"                   },                   "type": "OpenApiConnection",                   "inputs": {                     "host": {                       "connectionName": "shared_commondataserviceforapps",                       "operationId": "ListRecords",                       "apiId": "/providers/Microsoft.PowerApps/apis/shared_commondataserviceforapps"                     },                     "parameters": {                       "entityName": "admin_powerplatformusers",                       "$select": "admin_powerplatformuserid",                       "fetchXml": "<fetch>\n  <entity name=\"admin_powerplatformuser\" >\n    <link-entity name=\"admin_powerplatformuserrole\" from=\"admin_powerplatformuser\" to=\"admin_powerplatformuserid\" link-type=\"inner\" >\n      <filter type=\"and\" >\n        <condition attribute=\"admin_app\" operator=\"eq\" value=\"@{items('Walk_the_Apps_in_this_Envt')?['name']}\" uitype=\"admin_app\" />\n      </filter>\n    </link-entity>\n  </entity>\n</fetch>"                     },                     "authentication": {                       "type": "Raw",                       "value": "@json(decodeBase64(triggerOutputs().headers['X-MS-APIM-Tokens']))['$ConnectionKey']"                     }                   },                   "runtimeConfiguration": {                     "paginationPolicy": {                       "minimumItemCount": 100000                     }                   }                 },                 "Select_Power_Platform_User_IDs": {                   "runAfter": {                     "List_Power_Platform_Users": [                       "Succeeded"                     ]                   },                   "metadata": {                     "operationMetadataId": "e8d8d18a-ec53-4115-b0b2-9a6978e38397"                   },                   "type": "Select",                   "inputs": {                     "from": "@outputs('List_Power_Platform_Users')?['body/value']",                     "select": {                       "ID": "@item()?['admin_powerplatformuserid']"                     }                   }                 },                 "Select_Role_Assignment_User_IDs": {                   "runAfter": {                     "Select_Power_Platform_User_IDs": [                       "Succeeded"                     ]                   },                   "metadata": {                     "operationMetadataId": "8387a9f1-67a3-4732-aa50-769e03a25336"                   },                   "type": "Select",                   "inputs": {                     "from": "@outputs('Get_App_Role_Assignments_as_Admin')?['body/value']",                     "select": {                       "ID": "@item()?['name']"                     }                   }                 },                 "Filter_delta": {                   "runAfter": {                     "Select_Role_Assignment_User_IDs": [                       "Succeeded"                     ]                   },                   "metadata": {                     "operationMetadataId": "7ae88bc8-c6dd-42f5-9161-93c606eb9582"                   },                   "type": "Query",                   "inputs": {                     "from": "@body('Select_Power_Platform_User_IDs')",                     "where": "@equals(contains(body('Select_Role_Assignment_User_IDs'), item()), false)"                   }                 },                 "Apply_to_each_unshare": {                   "foreach": "@body('Filter_delta')",                   "actions": {                     "Unrelate_User_from_Role": {                       "runAfter": {},                       "metadata": {                         "operationMetadataId": "600f5678-40ba-4089-9e1d-aad6a90e2296"                       },                       "type": "OpenApiConnection",                       "inputs": {                         "host": {                           "connectionName": "shared_commondataserviceforapps",                           "operationId": "DisassociateEntities",                           "apiId": "/providers/Microsoft.PowerApps/apis/shared_commondataserviceforapps"                         },                         "parameters": {                           "entityName": "admin_powerplatformusers",                           "recordId": "@items('Apply_to_each_unshare')?['ID']",                           "associationEntityRelationship": "admin_PowerPlatformUser_User",                           "$id": "@variables('oData')"                         },                         "authentication": {                           "type": "Raw",                           "value": "@json(decodeBase64(triggerOutputs().headers['X-MS-APIM-Tokens']))['$ConnectionKey']"                         },                         "retryPolicy": {                           "type": "exponential",                           "count": 10,                           "interval": "PT10S"                         }                       }                     },                     "List_records_2": {                       "runAfter": {                         "Unrelate_User_from_Role": [                           "Succeeded"                         ]                       },                       "metadata": {                         "operationMetadataId": "2caffd55-cf27-4d2c-b33d-bc4eebd190a5"                       },                       "type": "OpenApiConnection",                       "inputs": {                         "host": {                           "connectionName": "shared_commondataserviceforapps",                           "operationId": "ListRecords",                           "apiId": "/providers/Microsoft.PowerApps/apis/shared_commondataserviceforapps"                         },                         "parameters": {                           "entityName": "admin_powerplatformuserroles",                           "$select": "admin_powerplatformuserroleid",                           "$filter": "_admin_powerplatformuser_value eq @{items('Apply_to_each_unshare')?['ID']} and _admin_app_value eq @{items('Walk_the_Apps_in_this_Envt')?['name']}",                           "$top": 1                         },                         "authentication": {                           "type": "Raw",                           "value": "@json(decodeBase64(triggerOutputs().headers['X-MS-APIM-Tokens']))['$ConnectionKey']"                         }                       },                       "runtimeConfiguration": {                         "paginationPolicy": {                           "minimumItemCount": 100000                         }                       }                     },                     "Apply_to_each_2": {                       "foreach": "@outputs('List_records_2')?['body/value']",                       "actions": {                         "Compose_3": {                           "runAfter": {},                           "metadata": {                             "operationMetadataId": "bc5aba34-e6e8-44fa-b522-bb3f8aae37c5"                           },                           "type": "Compose",                           "inputs": "@items('Apply_to_each_2')?['@odata.id']"                         },                         "Unrelate_records": {                           "runAfter": {                             "Compose_3": [                               "Succeeded"                             ]                           },                           "metadata": {                             "operationMetadataId": "86cd4c2d-9311-44f9-9beb-4a978b06b731"                           },                           "type": "OpenApiConnection",                           "inputs": {                             "host": {                               "connectionName": "shared_commondataserviceforapps",                               "operationId": "DisassociateEntities",                               "apiId": "/providers/Microsoft.PowerApps/apis/shared_commondataserviceforapps"                             },                             "parameters": {                               "entityName": "admin_apps",                               "recordId": "@items('Walk_the_Apps_in_this_Envt')?['name']",                               "associationEntityRelationship": "admin_PowerPlatformUserRole_App_admin_App",                               "$id": "@items('Apply_to_each_2')?['@odata.id']"                             },                             "authentication": {                               "type": "Raw",                               "value": "@json(decodeBase64(triggerOutputs().headers['X-MS-APIM-Tokens']))['$ConnectionKey']"                             },                             "retryPolicy": {                               "type": "exponential",                               "count": 10,                               "interval": "PT10S"                             }                           }                         }                       },                       "runAfter": {                         "List_records_2": [                           "Succeeded"                         ]                       },                       "metadata": {                         "operationMetadataId": "9386c64c-93db-4ecf-a18a-1fb06ebfe7cc"                       },                       "type": "Foreach"                     }                   },                   "runAfter": {                     "Filter_delta": [                       "Succeeded"                     ]                   },                   "metadata": {                     "operationMetadataId": "e9d7f7ac-cea8-4bf3-b470-7ca28dbfb79a"                   },                   "type": "Foreach"                 },                 "Update_app_sharing_counts": {                   "runAfter": {                     "Apply_to_each_unshare": [                       "Succeeded"                     ]                   },                   "metadata": {                     "operationMetadataId": "613ad207-9d54-4ac8-837e-8312cc6edf13"                   },                   "type": "OpenApiConnection",                   "inputs": {                     "host": {                       "connectionName": "shared_commondataserviceforapps",                       "operationId": "UpdateRecord",                       "apiId": "/providers/Microsoft.PowerApps/apis/shared_commondataserviceforapps"                     },                     "parameters": {                       "entityName": "admin_apps",                       "recordId": "@items('Walk_the_Apps_in_this_Envt')?['name']",                       "item/admin_appsharedgroups": "@items('Walk_the_Apps_in_this_Envt')?['properties/sharedGroupsCount']",                       "item/admin_appsharedusers": "@items('Walk_the_Apps_in_this_Envt')?['properties/sharedUsersCount']",                       "item/admin_appsharedwithtenant": "@if(greater(length(body('Filter_to_shared_with_tenant')), 0), true, false)"                     },                     "authentication": {                       "type": "Raw",                       "value": "@json(decodeBase64(triggerOutputs().headers['X-MS-APIM-Tokens']))['$ConnectionKey']"                     },                     "retryPolicy": {                       "type": "exponential",                       "count": 10,                       "interval": "PT10S"                     }                   }                 },                 "Filter_to_shared_with_tenant": {                   "runAfter": {                     "Apply_to_each": [                       "Succeeded"                     ]                   },                   "metadata": {                     "operationMetadataId": "5ba7928a-9089-4114-b2a8-ea0120f1b060"                   },                   "type": "Query",                   "inputs": {                     "from": "@outputs('Get_App_Role_Assignments_as_Admin')?['body/value']",                     "where": "@equals(item()?['properties/principal/type'], 'Tenant')"                   }                 }               },               "runAfter": {                 "catch_not_yet_in_inventory": [                   "Skipped"                 ]               },               "metadata": {                 "operationMetadataId": "3b1d2a5a-d9d5-4129-80f4-c8a20a342cef"               },               "type": "Scope"             }           },           "runAfter": {             "Filter_To_Non_Embedded_Apps": [               "Succeeded"             ]           },           "metadata": {             "operationMetadataId": "9e2239ac-f88e-4e82-a925-a3650d07fe9c"           },           "type": "Foreach"         }       },       "outputs": {}     }   },   "schemaVersion": "1.0.0.0" }
