{   "properties": {     "connectionReferences": {       "shared_powerappsforadmins": {         "runtimeSource": "embedded",         "connection": {           "connectionReferenceLogicalName": "admin_CoECorePowerAppsAdmin"         },         "api": {           "name": "shared_powerappsforadmins"         }       },       "shared_commondataserviceforapps": {         "runtimeSource": "embedded",         "connection": {           "connectionReferenceLogicalName": "admin_CoECoreDataverse2"         },         "api": {           "name": "shared_commondataserviceforapps"         }       },       "shared_powerappsforappmakers": {         "runtimeSource": "embedded",         "connection": {           "connectionReferenceLogicalName": "admin_CoECorePowerAppsMakers"         },         "api": {           "name": "shared_powerappsforappmakers"         }       },       "shared_powerappsforadmins_1": {         "runtimeSource": "embedded",         "connection": {           "connectionReferenceLogicalName": "admin_CoECorePowerAppsAdmin2"         },         "api": {           "name": "shared_powerappsforadmins"         }       },       "shared_office365users": {         "runtimeSource": "embedded",         "connection": {           "connectionReferenceLogicalName": "admin_CoECoreO365Users"         },         "api": {           "name": "shared_office365users"         }       }     },     "definition": {       "$schema": "https://schema.management.azure.com/providers/Microsoft.Logic/schemas/2016-06-01/workflowdefinition.json#",       "contentVersion": "1.0.0.0",       "parameters": {         "$connections": {           "defaultValue": {},           "type": "Object"         },         "$authentication": {           "defaultValue": {},           "type": "SecureObject"         }       },       "triggers": {         "manual": {           "metadata": {             "operationMetadataId": "22bae7b3-1082-4950-9be3-04ee69e6c9c4"           },           "type": "Request",           "kind": "Button",           "inputs": {             "schema": {               "type": "object",               "properties": {                 "text": {                   "title": "UserID",                   "type": "string",                   "x-ms-dynamically-added": true,                   "description": "Please enter your input",                   "x-ms-content-hint": "TEXT"                 },                 "text_1": {                   "title": "appName",                   "type": "string",                   "x-ms-dynamically-added": true,                   "description": "Please enter your input",                   "x-ms-content-hint": "TEXT"                 },                 "text_2": {                   "title": "envName",                   "type": "string",                   "x-ms-dynamically-added": true,                   "description": "Please enter your input",                   "x-ms-content-hint": "TEXT"                 },                 "text_3": {                   "title": "action",                   "type": "string",                   "x-ms-dynamically-added": true,                   "description": "Please enter your input",                   "x-ms-content-hint": "TEXT",                   "enum": [                     "assign",                     "delete",                     "addeditor",                     "addviewer",                     "removeuser"                   ]                 }               },               "required": [                 "text",                 "text_1",                 "text_2",                 "text_3"               ]             }           }         }       },       "actions": {         "Switch_on_action_input": {           "runAfter": {             "Initialize_ReturnString_to_pass": [               "Succeeded"             ]           },           "cases": {             "Case_assign": {               "case": "assign",               "actions": {                 "Set_ReturnString_to_fail_-_assign": {                   "runAfter": {                     "Set_App_Owner": [                       "Failed"                     ]                   },                   "type": "SetVariable",                   "inputs": {                     "name": "ReturnString",                     "value": "fail"                   }                 },                 "Set_App_Owner": {                   "runAfter": {},                   "type": "OpenApiConnection",                   "inputs": {                     "host": {                       "connectionName": "shared_powerappsforadmins",                       "operationId": "Set-AdminAppOwner",                       "apiId": "/providers/Microsoft.PowerApps/apis/shared_powerappsforadmins"                     },                     "parameters": {                       "environment": "@triggerBody()['text_2']",                       "app": "@triggerBody()['text_1']",                       "api-version": "2016-11-01",                       "Content-Type": " application/json",                       "body/roleForOldAppOwner": "CanEdit",                       "body/newAppOwner": "@triggerBody()['text']"                     },                     "authentication": {                       "type": "Raw",                       "value": "@json(decodeBase64(triggerOutputs().headers['X-MS-APIM-Tokens']))['$ConnectionKey']"                     },                     "retryPolicy": {                       "type": "exponential",                       "count": 10,                       "interval": "PT10S"                     }                   }                 },                 "If_set_new_owner,_update_inventory": {                   "actions": {                     "Ensure_New_Owner_is_in_Maker_and_User_tables": {                       "actions": {                         "List_new_owner_from_User_Table": {                           "runAfter": {                             "Maker_Check": [                               "Succeeded"                             ]                           },                           "type": "OpenApiConnection",                           "inputs": {                             "host": {                               "connectionName": "shared_commondataserviceforapps",                               "operationId": "ListRecords",                               "apiId": "/providers/Microsoft.PowerApps/apis/shared_commondataserviceforapps"                             },                             "parameters": {                               "entityName": "admin_powerplatformusers",                               "$select": "admin_powerplatformuserid",                               "$filter": "admin_powerplatformuserid eq @{triggerBody()['text']}"                             },                             "authentication": {                               "type": "Raw",                               "value": "@json(decodeBase64(triggerOutputs().headers['X-MS-APIM-Tokens']))['$ConnectionKey']"                             }                           },                           "runtimeConfiguration": {                             "paginationPolicy": {                               "minimumItemCount": 100000                             }                           }                         },                         "Add_to_User_Table_if_not_yet_present": {                           "actions": {                             "Add_a_new_user": {                               "runAfter": {},                               "type": "OpenApiConnection",                               "inputs": {                                 "host": {                                   "connectionName": "shared_commondataserviceforapps",                                   "operationId": "CreateRecord",                                   "apiId": "/providers/Microsoft.PowerApps/apis/shared_commondataserviceforapps"                                 },                                 "parameters": {                                   "entityName": "admin_powerplatformusers",                                   "item/admin_displayname": "@outputs('Get_user_profile_(V2)')?['body/displayName']",                                   "item/admin_company": "@outputs('Get_user_profile_(V2)')?['body/companyName']",                                   "item/admin_department": "@outputs('Get_user_profile_(V2)')?['body/department']",                                   "item/admin_groupsize": 1,                                   "item/admin_powerplatformuserid": "@triggerBody()['text']",                                   "item/admin_type": "User",                                   "item/admin_userprincipalname": "@outputs('Get_user_profile_(V2)')?['body/userPrincipalName']"                                 },                                 "authentication": {                                   "type": "Raw",                                   "value": "@json(decodeBase64(triggerOutputs().headers['X-MS-APIM-Tokens']))['$ConnectionKey']"                                 },                                 "retryPolicy": {                                   "type": "exponential",                                   "count": 10,                                   "interval": "PT10S"                                 }                               }                             },                             "update_picture_if_not_null": {                               "actions": {                                 "Upload_a_file_or_an_image": {                                   "runAfter": {},                                   "type": "OpenApiConnection",                                   "inputs": {                                     "host": {                                       "connectionName": "shared_commondataserviceforapps",                                       "operationId": "UpdateEntityFileImageFieldContent",                                       "apiId": "/providers/Microsoft.PowerApps/apis/shared_commondataserviceforapps"                                     },                                     "parameters": {                                       "entityName": "admin_powerplatformusers",                                       "recordId": "@triggerBody()['text']",                                       "fileImageFieldName": "admin_photoobject",                                       "item": "@body('Get_user_photo_(V2)')",                                       "x-ms-file-name": "@{triggerBody()['text']}_pic"                                     },                                     "authentication": {                                       "type": "Raw",                                       "value": "@json(decodeBase64(triggerOutputs().headers['X-MS-APIM-Tokens']))['$ConnectionKey']"                                     }                                   }                                 }                               },                               "runAfter": {                                 "Add_a_new_user": [                                   "Succeeded"                                 ]                               },                               "expression": {                                 "not": {                                   "equals": [                                     "@body('Get_user_photo_(V2)')",                                     "@null"                                   ]                                 }                               },                               "type": "If"                             }                           },                           "runAfter": {                             "List_new_owner_from_User_Table": [                               "Succeeded"                             ]                           },                           "expression": {                             "equals": [                               "@length(outputs('List_new_owner_from_User_Table')?['body/value'])",                               0                             ]                           },                           "type": "If"                         },                         "Maker_Check": {                           "runAfter": {},                           "type": "Workflow",                           "inputs": {                             "host": {                               "workflowReferenceName": "9301f01a-cb40-ec11-8c62-00224829b4c1"                             },                             "body": {                               "text": "@triggerBody()['text']",                               "boolean": false                             }                           },                           "description": "Will create a new maker if it does not already exist"                         }                       },                       "runAfter": {},                       "type": "Scope"                     },                     "Mark_app_owner_in_CoE": {                       "runAfter": {                         "Ensure_New_Owner_is_in_Maker_and_User_tables": [                           "Succeeded"                         ]                       },                       "type": "OpenApiConnection",                       "inputs": {                         "host": {                           "connectionName": "shared_commondataserviceforapps",                           "operationId": "UpdateRecord",                           "apiId": "/providers/Microsoft.PowerApps/apis/shared_commondataserviceforapps"                         },                         "parameters": {                           "entityName": "admin_apps",                           "recordId": "@triggerBody()['text_1']",                           "item/cr5d5_appisorphaned": "no",                           "item/admin_AppOwner@odata.bind": "admin_makers(@{triggerBody()['text']})"                         },                         "authentication": {                           "type": "Raw",                           "value": "@json(decodeBase64(triggerOutputs().headers['X-MS-APIM-Tokens']))['$ConnectionKey']"                         },                         "retryPolicy": {                           "type": "exponential",                           "count": 10,                           "interval": "PT10S"                         }                       }                     },                     "List_Role_for_old_owner": {                       "runAfter": {                         "Mark_app_owner_in_CoE": [                           "Succeeded"                         ]                       },                       "type": "OpenApiConnection",                       "inputs": {                         "host": {                           "connectionName": "shared_commondataserviceforapps",                           "operationId": "ListRecords",                           "apiId": "/providers/Microsoft.PowerApps/apis/shared_commondataserviceforapps"                         },                         "parameters": {                           "entityName": "admin_powerplatformuserroles",                           "$select": "admin_powerplatformuserroleid",                           "$filter": "_admin_app_value eq @{triggerBody()['text_1']} and _admin_powerplatformuser_value eq @{outputs('Get_app_from_CoE')?['body/_admin_appowner_value']}  "                         },                         "authentication": {                           "type": "Raw",                           "value": "@json(decodeBase64(triggerOutputs().headers['X-MS-APIM-Tokens']))['$ConnectionKey']"                         }                       },                       "runtimeConfiguration": {                         "paginationPolicy": {                           "minimumItemCount": 100000                         }                       }                     },                     "Update_or_Insert_Old_Owner_Role": {                       "actions": {                         "Mark_it_Editor": {                           "foreach": "@outputs('List_Role_for_old_owner')?['body/value']",                           "actions": {                             "Mark_old_owner_as_Editor": {                               "runAfter": {},                               "type": "OpenApiConnection",                               "inputs": {                                 "host": {                                   "connectionName": "shared_commondataserviceforapps",                                   "operationId": "UpdateRecord",                                   "apiId": "/providers/Microsoft.PowerApps/apis/shared_commondataserviceforapps"                                 },                                 "parameters": {                                   "entityName": "admin_powerplatformuserroles",                                   "recordId": "@items('Mark_it_Editor')?['admin_powerplatformuserroleid']",                                   "item/admin_App@odata.bind": "admin_apps(@{triggerBody()['text_1']})",                                   "item/admin_resourcetype": "App",                                   "item/admin_rolename": "CanEdit"                                 },                                 "authentication": {                                   "type": "Raw",                                   "value": "@json(decodeBase64(triggerOutputs().headers['X-MS-APIM-Tokens']))['$ConnectionKey']"                                 },                                 "retryPolicy": {                                   "type": "exponential",                                   "count": 10,                                   "interval": "PT10S"                                 }                               }                             }                           },                           "runAfter": {},                           "type": "Foreach"                         }                       },                       "runAfter": {                         "List_Role_for_old_owner": [                           "Succeeded"                         ]                       },                       "else": {                         "actions": {                           "Add_old_owner_as_editor_role": {                             "runAfter": {},                             "type": "OpenApiConnection",                             "inputs": {                               "host": {                                 "connectionName": "shared_commondataserviceforapps",                                 "operationId": "CreateRecord",                                 "apiId": "/providers/Microsoft.PowerApps/apis/shared_commondataserviceforapps"                               },                               "parameters": {                                 "entityName": "admin_powerplatformuserroles",                                 "item/admin_name": "@concat(outputs('Get_app_from_CoE')?['body/_admin_appowner_value'], triggerBody()['text_1'])",                                 "item/admin_App@odata.bind": "admin_apps(@{triggerBody()['text_1']})",                                 "item/admin_PowerPlatformUser@odata.bind": "admin_powerplatformusers(@{triggerBody()['text']})",                                 "item/admin_resourcetype": "App",                                 "item/admin_resourceuserlink": "@concat(outputs('Get_app_from_CoE')?['body/_admin_appowner_value'], triggerBody()['text_1'])",                                 "item/admin_rolename": "CanEdit"                               },                               "authentication": {                                 "type": "Raw",                                 "value": "@json(decodeBase64(triggerOutputs().headers['X-MS-APIM-Tokens']))['$ConnectionKey']"                               },                               "retryPolicy": {                                 "type": "exponential",                                 "count": 10,                                 "interval": "PT10S"                               }                             }                           }                         }                       },                       "expression": {                         "greater": [                           "@length(outputs('List_Role_for_old_owner')?['body/value'])",                           0                         ]                       },                       "type": "If"                     },                     "List_Role_for_new_owner": {                       "runAfter": {                         "Update_or_Insert_Old_Owner_Role": [                           "Succeeded"                         ]                       },                       "type": "OpenApiConnection",                       "inputs": {                         "host": {                           "connectionName": "shared_commondataserviceforapps",                           "operationId": "ListRecords",                           "apiId": "/providers/Microsoft.PowerApps/apis/shared_commondataserviceforapps"                         },                         "parameters": {                           "entityName": "admin_powerplatformuserroles",                           "$select": "admin_powerplatformuserroleid",                           "$filter": "_admin_app_value eq @{triggerBody()['text_1']} and _admin_powerplatformuser_value eq @{triggerBody()['text']}"                         },                         "authentication": {                           "type": "Raw",                           "value": "@json(decodeBase64(triggerOutputs().headers['X-MS-APIM-Tokens']))['$ConnectionKey']"                         }                       },                       "runtimeConfiguration": {                         "paginationPolicy": {                           "minimumItemCount": 100000                         }                       }                     },                     "Update_or_Insert_New_Owner_Role": {                       "actions": {                         "Mark_it_Owner": {                           "foreach": "@outputs('List_Role_for_new_owner')?['body/value']",                           "actions": {                             "Update_a_row": {                               "runAfter": {},                               "type": "OpenApiConnection",                               "inputs": {                                 "host": {                                   "connectionName": "shared_commondataserviceforapps",                                   "operationId": "UpdateRecord",                                   "apiId": "/providers/Microsoft.PowerApps/apis/shared_commondataserviceforapps"                                 },                                 "parameters": {                                   "entityName": "admin_powerplatformuserroles",                                   "recordId": "@items('Mark_it_Owner')?['admin_powerplatformuserroleid']",                                   "item/admin_App@odata.bind": "admin_apps(@{triggerBody()['text_1']})",                                   "item/admin_resourcetype": "App",                                   "item/admin_rolename": "Owner"                                 },                                 "authentication": {                                   "type": "Raw",                                   "value": "@json(decodeBase64(triggerOutputs().headers['X-MS-APIM-Tokens']))['$ConnectionKey']"                                 },                                 "retryPolicy": {                                   "type": "exponential",                                   "count": 10,                                   "interval": "PT10S"                                 }                               }                             }                           },                           "runAfter": {},                           "type": "Foreach"                         }                       },                       "runAfter": {                         "List_Role_for_new_owner": [                           "Succeeded"                         ]                       },                       "else": {                         "actions": {                           "Add_owner_as_owner_role": {                             "runAfter": {},                             "type": "OpenApiConnection",                             "inputs": {                               "host": {                                 "connectionName": "shared_commondataserviceforapps",                                 "operationId": "CreateRecord",                                 "apiId": "/providers/Microsoft.PowerApps/apis/shared_commondataserviceforapps"                               },                               "parameters": {                                 "entityName": "admin_powerplatformuserroles",                                 "item/admin_name": "@concat(triggerBody()['text'], triggerBody()['text_1'])",                                 "item/admin_App@odata.bind": "admin_apps(@{triggerBody()['text_1']})",                                 "item/admin_PowerPlatformUser@odata.bind": "admin_powerplatformusers(@{triggerBody()['text']})",                                 "item/admin_resourcetype": "App",                                 "item/admin_resourceuserlink": "@concat(triggerBody()['text'], triggerBody()['text_1'])",                                 "item/admin_rolename": "Owner"                               },                               "authentication": {                                 "type": "Raw",                                 "value": "@json(decodeBase64(triggerOutputs().headers['X-MS-APIM-Tokens']))['$ConnectionKey']"                               },                               "retryPolicy": {                                 "type": "exponential",                                 "count": 10,                                 "interval": "PT10S"                               }                             }                           }                         }                       },                       "expression": {                         "greater": [                           "@length(outputs('List_Role_for_new_owner')?['body/value'])",                           0                         ]                       },                       "type": "If"                     }                   },                   "runAfter": {                     "Set_ReturnString_to_fail_-_assign": [                       "Skipped"                     ]                   },                   "expression": {                     "equals": [                       "@variables('ReturnString')",                       "pass"                     ]                   },                   "type": "If"                 }               }             },             "Case_delete": {               "case": "delete",               "actions": {                 "Remove_App": {                   "runAfter": {},                   "type": "OpenApiConnection",                   "inputs": {                     "host": {                       "connectionName": "shared_powerappsforappmakers",                       "operationId": "Remove-App",                       "apiId": "/providers/Microsoft.PowerApps/apis/shared_powerappsforappmakers"                     },                     "parameters": {                       "app": "@triggerBody()['text_1']",                       "api-version": "2017-06-01"                     },                     "authentication": {                       "type": "Raw",                       "value": "@json(decodeBase64(triggerOutputs().headers['X-MS-APIM-Tokens']))['$ConnectionKey']"                     },                     "retryPolicy": {                       "type": "exponential",                       "count": 10,                       "interval": "PT10S"                     }                   }                 },                 "Mark_app_as_deleted_in_CoE": {                   "runAfter": {                     "Set_ReturnString_to_failed_-_delete": [                       "Skipped"                     ]                   },                   "type": "OpenApiConnection",                   "inputs": {                     "host": {                       "connectionName": "shared_commondataserviceforapps",                       "operationId": "UpdateRecord",                       "apiId": "/providers/Microsoft.PowerApps/apis/shared_commondataserviceforapps"                     },                     "parameters": {                       "entityName": "admin_apps",                       "recordId": "@triggerBody()['text_1']",                       "item/admin_appdeleted": true,                       "item/admin_appdeletedon": "@utcNow()"                     },                     "authentication": {                       "type": "Raw",                       "value": "@json(decodeBase64(triggerOutputs().headers['X-MS-APIM-Tokens']))['$ConnectionKey']"                     },                     "retryPolicy": {                       "type": "exponential",                       "count": 10,                       "interval": "PT10S"                     }                   }                 },                 "Set_ReturnString_to_failed_-_delete": {                   "runAfter": {                     "Remove_App": [                       "Failed"                     ]                   },                   "type": "SetVariable",                   "inputs": {                     "name": "ReturnString",                     "value": "fail"                   }                 }               }             },             "Case_addeditor": {               "case": "addeditor",               "actions": {                 "Edit_App_Role_Assignment_as_Admin_-_Add_as_Editor": {                   "runAfter": {},                   "type": "OpenApiConnection",                   "inputs": {                     "host": {                       "connectionName": "shared_powerappsforadmins_1",                       "operationId": "Edit-AdminAppRoleAssignment",                       "apiId": "/providers/Microsoft.PowerApps/apis/shared_powerappsforadmins"                     },                     "parameters": {                       "environment": "@triggerBody()['text_2']",                       "app": "@triggerBody()['text_1']",                       "api-version": "2016-11-01",                       "body/put": [                         {                           "properties/roleName": "CanEdit",                           "properties/principal/id": "@triggerBody()['text']",                           "properties/principal/type": "user",                           "properties/principal/tenantId": "@null"                         }                       ]                     },                     "authentication": {                       "type": "Raw",                       "value": "@json(decodeBase64(triggerOutputs().headers['X-MS-APIM-Tokens']))['$ConnectionKey']"                     }                   }                 },                 "Set_ReturnString_to_fail_-_addeditor": {                   "runAfter": {                     "Edit_App_Role_Assignment_as_Admin_-_Add_as_Editor": [                       "Failed"                     ]                   },                   "type": "SetVariable",                   "inputs": {                     "name": "ReturnString",                     "value": "fail"                   }                 },                 "if_added_editor,_update_inventory": {                   "actions": {                     "Ensure_New_Editor_is_in_User_table": {                       "actions": {                         "List_new_editor_from_User_Table": {                           "runAfter": {},                           "type": "OpenApiConnection",                           "inputs": {                             "host": {                               "connectionName": "shared_commondataserviceforapps",                               "operationId": "ListRecords",                               "apiId": "/providers/Microsoft.PowerApps/apis/shared_commondataserviceforapps"                             },                             "parameters": {                               "entityName": "admin_powerplatformusers",                               "$select": "admin_powerplatformuserid",                               "$filter": "admin_powerplatformuserid eq @{triggerBody()['text']}"                             },                             "authentication": {                               "type": "Raw",                               "value": "@json(decodeBase64(triggerOutputs().headers['X-MS-APIM-Tokens']))['$ConnectionKey']"                             }                           },                           "runtimeConfiguration": {                             "paginationPolicy": {                               "minimumItemCount": 100000                             }                           }                         },                         "Add_to_User_Table_if_not_yet_present_-_neweditor": {                           "actions": {                             "Add_a_new_user_-_new_editor": {                               "runAfter": {},                               "type": "OpenApiConnection",                               "inputs": {                                 "host": {                                   "connectionName": "shared_commondataserviceforapps",                                   "operationId": "CreateRecord",                                   "apiId": "/providers/Microsoft.PowerApps/apis/shared_commondataserviceforapps"                                 },                                 "parameters": {                                   "entityName": "admin_powerplatformusers",                                   "item/admin_displayname": "@outputs('Get_user_profile_(V2)')?['body/displayName']",                                   "item/admin_company": "@outputs('Get_user_profile_(V2)')?['body/companyName']",                                   "item/admin_department": "@outputs('Get_user_profile_(V2)')?['body/department']",                                   "item/admin_groupsize": 1,                                   "item/admin_powerplatformuserid": "@triggerBody()['text']",                                   "item/admin_type": "User",                                   "item/admin_userprincipalname": "@outputs('Get_user_profile_(V2)')?['body/userPrincipalName']"                                 },                                 "authentication": {                                   "type": "Raw",                                   "value": "@json(decodeBase64(triggerOutputs().headers['X-MS-APIM-Tokens']))['$ConnectionKey']"                                 },                                 "retryPolicy": {                                   "type": "exponential",                                   "count": 10,                                   "interval": "PT10S"                                 }                               }                             },                             "update_picture_if_not_null_-_new_editor": {                               "actions": {                                 "Upload_a_file_or_an_image_-_new_editor": {                                   "runAfter": {},                                   "type": "OpenApiConnection",                                   "inputs": {                                     "host": {                                       "connectionName": "shared_commondataserviceforapps",                                       "operationId": "UpdateEntityFileImageFieldContent",                                       "apiId": "/providers/Microsoft.PowerApps/apis/shared_commondataserviceforapps"                                     },                                     "parameters": {                                       "entityName": "admin_powerplatformusers",                                       "recordId": "@triggerBody()['text']",                                       "fileImageFieldName": "admin_photoobject",                                       "item": "@body('Get_user_photo_(V2)')",                                       "x-ms-file-name": "@{triggerBody()['text']}_pic"                                     },                                     "authentication": {                                       "type": "Raw",                                       "value": "@json(decodeBase64(triggerOutputs().headers['X-MS-APIM-Tokens']))['$ConnectionKey']"                                     }                                   }                                 }                               },                               "runAfter": {                                 "Add_a_new_user_-_new_editor": [                                   "Succeeded"                                 ]                               },                               "expression": {                                 "not": {                                   "equals": [                                     "@body('Get_user_photo_(V2)')",                                     "@null"                                   ]                                 }                               },                               "type": "If"                             }                           },                           "runAfter": {                             "List_new_editor_from_User_Table": [                               "Succeeded"                             ]                           },                           "expression": {                             "equals": [                               "@length(outputs('List_new_editor_from_User_Table')?['body/value'])",                               0                             ]                           },                           "type": "If"                         }                       },                       "runAfter": {},                       "type": "Scope"                     },                     "List_Role_for_new_editor": {                       "runAfter": {                         "Ensure_New_Editor_is_in_User_table": [                           "Succeeded"                         ]                       },                       "type": "OpenApiConnection",                       "inputs": {                         "host": {                           "connectionName": "shared_commondataserviceforapps",                           "operationId": "ListRecords",                           "apiId": "/providers/Microsoft.PowerApps/apis/shared_commondataserviceforapps"                         },                         "parameters": {                           "entityName": "admin_powerplatformuserroles",                           "$select": "admin_powerplatformuserroleid",                           "$filter": "_admin_app_value eq @{triggerBody()['text_1']} and _admin_powerplatformuser_value eq @{triggerBody()['text']}"                         },                         "authentication": {                           "type": "Raw",                           "value": "@json(decodeBase64(triggerOutputs().headers['X-MS-APIM-Tokens']))['$ConnectionKey']"                         }                       },                       "runtimeConfiguration": {                         "paginationPolicy": {                           "minimumItemCount": 100000                         }                       }                     },                     "Update_or_Insert_New_Editor_Role": {                       "actions": {                         "Mark_it_New_Editor": {                           "foreach": "@outputs('List_Role_for_new_editor')?['body/value']",                           "actions": {                             "Update_a_row_to_Editor": {                               "runAfter": {},                               "type": "OpenApiConnection",                               "inputs": {                                 "host": {                                   "connectionName": "shared_commondataserviceforapps",                                   "operationId": "UpdateRecord",                                   "apiId": "/providers/Microsoft.PowerApps/apis/shared_commondataserviceforapps"                                 },                                 "parameters": {                                   "entityName": "admin_powerplatformuserroles",                                   "recordId": "@items('Mark_it_New_Editor')?['admin_powerplatformuserroleid']",                                   "item/admin_App@odata.bind": "admin_apps(@{triggerBody()['text_1']})",                                   "item/admin_resourcetype": "App",                                   "item/admin_rolename": "CanEdit"                                 },                                 "authentication": {                                   "type": "Raw",                                   "value": "@json(decodeBase64(triggerOutputs().headers['X-MS-APIM-Tokens']))['$ConnectionKey']"                                 }                               }                             }                           },                           "runAfter": {},                           "type": "Foreach"                         }                       },                       "runAfter": {                         "List_Role_for_new_editor": [                           "Succeeded"                         ]                       },                       "else": {                         "actions": {                           "Add_user_as_editor": {                             "runAfter": {},                             "type": "OpenApiConnection",                             "inputs": {                               "host": {                                 "connectionName": "shared_commondataserviceforapps",                                 "operationId": "CreateRecord",                                 "apiId": "/providers/Microsoft.PowerApps/apis/shared_commondataserviceforapps"                               },                               "parameters": {                                 "entityName": "admin_powerplatformuserroles",                                 "item/admin_name": "@concat(triggerBody()['text'], triggerBody()['text_1'])",                                 "item/admin_App@odata.bind": "admin_apps(@{triggerBody()['text_1']})",                                 "item/admin_PowerPlatformUser@odata.bind": "admin_powerplatformusers(@{triggerBody()['text']})",                                 "item/admin_resourcetype": "App",                                 "item/admin_resourceuserlink": "@concat(triggerBody()['text'], triggerBody()['text_1'])",                                 "item/admin_rolename": "CanEdit"                               },                               "authentication": {                                 "type": "Raw",                                 "value": "@json(decodeBase64(triggerOutputs().headers['X-MS-APIM-Tokens']))['$ConnectionKey']"                               },                               "retryPolicy": {                                 "type": "exponential",                                 "count": 10,                                 "interval": "PT10S"                               }                             }                           }                         }                       },                       "expression": {                         "greater": [                           "@length(outputs('List_Role_for_new_editor')?['body/value'])",                           0                         ]                       },                       "type": "If"                     }                   },                   "runAfter": {                     "Set_ReturnString_to_fail_-_addeditor": [                       "Skipped"                     ]                   },                   "expression": {                     "equals": [                       "@variables('ReturnString')",                       "pass"                     ]                   },                   "type": "If"                 }               }             },             "Case_addviewer": {               "case": "addviewer",               "actions": {                 "Edit_App_Role_Assignment_as_Admin_-_Add_as_Viewer": {                   "runAfter": {},                   "type": "OpenApiConnection",                   "inputs": {                     "host": {                       "connectionName": "shared_powerappsforadmins_1",                       "operationId": "Edit-AdminAppRoleAssignment",                       "apiId": "/providers/Microsoft.PowerApps/apis/shared_powerappsforadmins"                     },                     "parameters": {                       "environment": "@triggerBody()['text_2']",                       "app": "@triggerBody()['text_1']",                       "api-version": "2016-11-01",                       "body/put": [                         {                           "properties/roleName": "CanView",                           "properties/principal/id": "@triggerBody()['text']",                           "properties/principal/type": "user",                           "properties/principal/tenantId": "@null"                         }                       ]                     },                     "authentication": {                       "type": "Raw",                       "value": "@json(decodeBase64(triggerOutputs().headers['X-MS-APIM-Tokens']))['$ConnectionKey']"                     }                   }                 },                 "Set_ReturnString_to_fail_-_addviewer": {                   "runAfter": {                     "Edit_App_Role_Assignment_as_Admin_-_Add_as_Viewer": [                       "Failed"                     ]                   },                   "type": "SetVariable",                   "inputs": {                     "name": "ReturnString",                     "value": "fail"                   }                 },                 "if_added_viewer,_update_inventory": {                   "actions": {                     "Ensure_New_Viewer_is_in_User_table": {                       "actions": {                         "List_new_viewer_from_User_Table": {                           "runAfter": {},                           "type": "OpenApiConnection",                           "inputs": {                             "host": {                               "connectionName": "shared_commondataserviceforapps",                               "operationId": "ListRecords",                               "apiId": "/providers/Microsoft.PowerApps/apis/shared_commondataserviceforapps"                             },                             "parameters": {                               "entityName": "admin_powerplatformusers",                               "$select": "admin_powerplatformuserid",                               "$filter": "admin_powerplatformuserid eq @{triggerBody()['text']}"                             },                             "authentication": {                               "type": "Raw",                               "value": "@json(decodeBase64(triggerOutputs().headers['X-MS-APIM-Tokens']))['$ConnectionKey']"                             }                           },                           "runtimeConfiguration": {                             "paginationPolicy": {                               "minimumItemCount": 100000                             }                           }                         },                         "Add_to_User_Table_if_not_yet_present_-_newviewer": {                           "actions": {                             "Add_a_new_user_-_new_viewer": {                               "runAfter": {},                               "type": "OpenApiConnection",                               "inputs": {                                 "host": {                                   "connectionName": "shared_commondataserviceforapps",                                   "operationId": "CreateRecord",                                   "apiId": "/providers/Microsoft.PowerApps/apis/shared_commondataserviceforapps"                                 },                                 "parameters": {                                   "entityName": "admin_powerplatformusers",                                   "item/admin_displayname": "@outputs('Get_user_profile_(V2)')?['body/displayName']",                                   "item/admin_company": "@outputs('Get_user_profile_(V2)')?['body/companyName']",                                   "item/admin_department": "@outputs('Get_user_profile_(V2)')?['body/department']",                                   "item/admin_groupsize": 1,                                   "item/admin_powerplatformuserid": "@triggerBody()['text']",                                   "item/admin_type": "User",                                   "item/admin_userprincipalname": "@outputs('Get_user_profile_(V2)')?['body/userPrincipalName']"                                 },                                 "authentication": {                                   "type": "Raw",                                   "value": "@json(decodeBase64(triggerOutputs().headers['X-MS-APIM-Tokens']))['$ConnectionKey']"                                 },                                 "retryPolicy": {                                   "type": "exponential",                                   "count": 10,                                   "interval": "PT10S"                                 }                               }                             },                             "update_picture_if_not_null_-_new_viewer": {                               "actions": {                                 "Upload_a_file_or_an_image_-_new_viewer": {                                   "runAfter": {},                                   "type": "OpenApiConnection",                                   "inputs": {                                     "host": {                                       "connectionName": "shared_commondataserviceforapps",                                       "operationId": "UpdateEntityFileImageFieldContent",                                       "apiId": "/providers/Microsoft.PowerApps/apis/shared_commondataserviceforapps"                                     },                                     "parameters": {                                       "entityName": "admin_powerplatformusers",                                       "recordId": "@triggerBody()['text']",                                       "fileImageFieldName": "admin_photoobject",                                       "item": "@body('Get_user_photo_(V2)')",                                       "x-ms-file-name": "@{triggerBody()['text']}_pic"                                     },                                     "authentication": {                                       "type": "Raw",                                       "value": "@json(decodeBase64(triggerOutputs().headers['X-MS-APIM-Tokens']))['$ConnectionKey']"                                     }                                   }                                 }                               },                               "runAfter": {                                 "Add_a_new_user_-_new_viewer": [                                   "Succeeded"                                 ]                               },                               "expression": {                                 "not": {                                   "equals": [                                     "@body('Get_user_photo_(V2)')",                                     "@null"                                   ]                                 }                               },                               "type": "If"                             }                           },                           "runAfter": {                             "List_new_viewer_from_User_Table": [                               "Succeeded"                             ]                           },                           "expression": {                             "equals": [                               "@length(outputs('List_new_viewer_from_User_Table')?['body/value'])",                               0                             ]                           },                           "type": "If"                         }                       },                       "runAfter": {},                       "type": "Scope"                     },                     "List_Role_for_new_viewer": {                       "runAfter": {                         "Ensure_New_Viewer_is_in_User_table": [                           "Succeeded"                         ]                       },                       "type": "OpenApiConnection",                       "inputs": {                         "host": {                           "connectionName": "shared_commondataserviceforapps",                           "operationId": "ListRecords",                           "apiId": "/providers/Microsoft.PowerApps/apis/shared_commondataserviceforapps"                         },                         "parameters": {                           "entityName": "admin_powerplatformuserroles",                           "$select": "admin_powerplatformuserroleid",                           "$filter": "_admin_app_value eq @{triggerBody()['text_1']} and _admin_powerplatformuser_value eq @{triggerBody()['text']}"                         },                         "authentication": {                           "type": "Raw",                           "value": "@json(decodeBase64(triggerOutputs().headers['X-MS-APIM-Tokens']))['$ConnectionKey']"                         }                       },                       "runtimeConfiguration": {                         "paginationPolicy": {                           "minimumItemCount": 100000                         }                       }                     },                     "Update_or_Insert_New_Viewer_Role": {                       "actions": {                         "Mark_it_Viewer": {                           "foreach": "@outputs('List_Role_for_new_viewer')?['body/value']",                           "actions": {                             "Update_a_row_to_Viewer": {                               "runAfter": {},                               "type": "OpenApiConnection",                               "inputs": {                                 "host": {                                   "connectionName": "shared_commondataserviceforapps",                                   "operationId": "UpdateRecord",                                   "apiId": "/providers/Microsoft.PowerApps/apis/shared_commondataserviceforapps"                                 },                                 "parameters": {                                   "entityName": "admin_powerplatformuserroles",                                   "recordId": "@items('Mark_it_Viewer')?['admin_powerplatformuserroleid']",                                   "item/admin_App@odata.bind": "admin_apps(@{triggerBody()['text_1']})",                                   "item/admin_resourcetype": "App",                                   "item/admin_rolename": "CanView"                                 },                                 "authentication": {                                   "type": "Raw",                                   "value": "@json(decodeBase64(triggerOutputs().headers['X-MS-APIM-Tokens']))['$ConnectionKey']"                                 }                               }                             }                           },                           "runAfter": {},                           "type": "Foreach"                         }                       },                       "runAfter": {                         "List_Role_for_new_viewer": [                           "Succeeded"                         ]                       },                       "else": {                         "actions": {                           "Add_user_as_viewer": {                             "runAfter": {},                             "type": "OpenApiConnection",                             "inputs": {                               "host": {                                 "connectionName": "shared_commondataserviceforapps",                                 "operationId": "CreateRecord",                                 "apiId": "/providers/Microsoft.PowerApps/apis/shared_commondataserviceforapps"                               },                               "parameters": {                                 "entityName": "admin_powerplatformuserroles",                                 "item/admin_name": "@concat(triggerBody()['text'], triggerBody()['text_1'])",                                 "item/admin_App@odata.bind": "admin_apps(@{triggerBody()['text_1']})",                                 "item/admin_PowerPlatformUser@odata.bind": "admin_powerplatformusers(@{triggerBody()['text']})",                                 "item/admin_resourcetype": "App",                                 "item/admin_resourceuserlink": "@concat(triggerBody()['text'], triggerBody()['text_1'])",                                 "item/admin_rolename": "CanView"                               },                               "authentication": {                                 "type": "Raw",                                 "value": "@json(decodeBase64(triggerOutputs().headers['X-MS-APIM-Tokens']))['$ConnectionKey']"                               },                               "retryPolicy": {                                 "type": "exponential",                                 "count": 10,                                 "interval": "PT10S"                               }                             }                           }                         }                       },                       "expression": {                         "greater": [                           "@length(outputs('List_Role_for_new_viewer')?['body/value'])",                           0                         ]                       },                       "type": "If"                     }                   },                   "runAfter": {                     "Set_ReturnString_to_fail_-_addviewer": [                       "Skipped"                     ]                   },                   "expression": {                     "equals": [                       "@variables('ReturnString')",                       "pass"                     ]                   },                   "type": "If"                 }               }             },             "Case_removeuser": {               "case": "removeuser",               "actions": {                 "if_not_owner,_remove_permissions": {                   "actions": {                     "Edit_App_Role_Assignment_as_Admin_--_Remove_User": {                       "runAfter": {},                       "type": "OpenApiConnection",                       "inputs": {                         "host": {                           "connectionName": "shared_powerappsforadmins_1",                           "operationId": "Edit-AdminAppRoleAssignment",                           "apiId": "/providers/Microsoft.PowerApps/apis/shared_powerappsforadmins"                         },                         "parameters": {                           "environment": "@triggerBody()['text_2']",                           "app": "@triggerBody()['text_1']",                           "api-version": "2016-11-01",                           "body/delete": [                             {                               "id": "@triggerBody()['text']"                             }                           ]                         },                         "authentication": {                           "type": "Raw",                           "value": "@json(decodeBase64(triggerOutputs().headers['X-MS-APIM-Tokens']))['$ConnectionKey']"                         }                       }                     },                     "Set_ReturnString_to_fail_-_removeuser": {                       "runAfter": {                         "Edit_App_Role_Assignment_as_Admin_--_Remove_User": [                           "Failed"                         ]                       },                       "type": "SetVariable",                       "inputs": {                         "name": "ReturnString",                         "value": "fail"                       }                     },                     "if_removed_user,_update_inventory": {                       "actions": {                         "List_Role_for_this_user": {                           "runAfter": {},                           "type": "OpenApiConnection",                           "inputs": {                             "host": {                               "connectionName": "shared_commondataserviceforapps",                               "operationId": "ListRecords",                               "apiId": "/providers/Microsoft.PowerApps/apis/shared_commondataserviceforapps"                             },                             "parameters": {                               "entityName": "admin_powerplatformuserroles",                               "$select": "admin_powerplatformuserroleid",                               "$filter": "_admin_app_value eq @{triggerBody()['text_1']} and _admin_powerplatformuser_value eq @{triggerBody()['text']}"                             },                             "authentication": {                               "type": "Raw",                               "value": "@json(decodeBase64(triggerOutputs().headers['X-MS-APIM-Tokens']))['$ConnectionKey']"                             }                           },                           "runtimeConfiguration": {                             "paginationPolicy": {                               "minimumItemCount": 100000                             }                           }                         },                         "Delete_the_role_from_inventory": {                           "foreach": "@outputs('List_Role_for_this_user')?['body/value']",                           "actions": {                             "Delete_role_from_inventory": {                               "runAfter": {},                               "type": "OpenApiConnection",                               "inputs": {                                 "host": {                                   "connectionName": "shared_commondataserviceforapps",                                   "operationId": "DeleteRecord",                                   "apiId": "/providers/Microsoft.PowerApps/apis/shared_commondataserviceforapps"                                 },                                 "parameters": {                                   "entityName": "admin_powerplatformuserroles",                                   "recordId": "@items('Delete_the_role_from_inventory')?['admin_powerplatformuserroleid']"                                 },                                 "authentication": {                                   "type": "Raw",                                   "value": "@json(decodeBase64(triggerOutputs().headers['X-MS-APIM-Tokens']))['$ConnectionKey']"                                 }                               }                             }                           },                           "runAfter": {                             "List_Role_for_this_user": [                               "Succeeded"                             ]                           },                           "type": "Foreach"                         }                       },                       "runAfter": {                         "Set_ReturnString_to_fail_-_removeuser": [                           "Skipped"                         ]                       },                       "expression": {                         "equals": [                           "@variables('ReturnString')",                           "pass"                         ]                       },                       "type": "If"                     }                   },                   "runAfter": {},                   "else": {                     "actions": {                       "Cannot_remove_Owner_permissions": {                         "runAfter": {},                         "type": "SetVariable",                         "inputs": {                           "name": "ReturnString",                           "value": "fail"                         }                       }                     }                   },                   "expression": {                     "not": {                       "equals": [                         "@outputs('Get_app_from_CoE')?['body/_admin_appowner_value']",                         "@triggerBody()['text']"                       ]                     }                   },                   "type": "If"                 }               }             }           },           "default": {             "actions": {}           },           "expression": "@triggerBody()['text_3']",           "metadata": {             "operationMetadataId": "61adee38-6006-4fca-b464-7546d052d320"           },           "type": "Switch"         },         "Respond_to_a_PowerApp_or_flow": {           "runAfter": {             "Switch_on_action_input": [               "Succeeded"             ]           },           "metadata": {             "operationMetadataId": "9f5b9d03-4698-49f6-a0a3-47910bc00974"           },           "type": "Response",           "kind": "PowerApp",           "inputs": {             "statusCode": 200,             "body": {               "thereturnstring": "@variables('ReturnString')"             },             "schema": {               "type": "object",               "properties": {                 "thereturnstring": {                   "title": "theReturnString",                   "x-ms-dynamically-added": true,                   "type": "string"                 }               }             }           }         },         "Initialize_ReturnString_to_pass": {           "runAfter": {             "Get_User_Info_if_not_null": [               "Succeeded"             ]           },           "metadata": {             "operationMetadataId": "cd66f8bb-cf7b-4b8f-9da2-2e8c1da7ec0e"           },           "type": "InitializeVariable",           "inputs": {             "variables": [               {                 "name": "ReturnString",                 "type": "string",                 "value": "pass"               }             ]           }         },         "Get_User_Info_if_not_null": {           "actions": {             "Get_user_photo_(V2)": {               "runAfter": {},               "metadata": {                 "operationMetadataId": "9ca8fc74-8bac-4620-aaea-a442f839f4cf"               },               "type": "OpenApiConnection",               "inputs": {                 "host": {                   "connectionName": "shared_office365users",                   "operationId": "UserPhoto_V2",                   "apiId": "/providers/Microsoft.PowerApps/apis/shared_office365users"                 },                 "parameters": {                   "id": "@triggerBody()['text']"                 },                 "authentication": {                   "type": "Raw",                   "value": "@json(decodeBase64(triggerOutputs().headers['X-MS-APIM-Tokens']))['$ConnectionKey']"                 }               }             },             "Get_user_profile_(V2)": {               "runAfter": {                 "Catch_-_for_delete_cases_with_no_user_-_photo": [                   "Succeeded",                   "Skipped"                 ]               },               "metadata": {                 "operationMetadataId": "2f541dfe-98bc-4d99-bd90-37f465e2f087"               },               "type": "OpenApiConnection",               "inputs": {                 "host": {                   "connectionName": "shared_office365users",                   "operationId": "UserProfile_V2",                   "apiId": "/providers/Microsoft.PowerApps/apis/shared_office365users"                 },                 "parameters": {                   "id": "@triggerBody()['text']"                 },                 "authentication": {                   "type": "Raw",                   "value": "@json(decodeBase64(triggerOutputs().headers['X-MS-APIM-Tokens']))['$ConnectionKey']"                 }               }             },             "Catch_-_for_delete_cases_with_no_user_-_photo": {               "runAfter": {                 "Get_user_photo_(V2)": [                   "Failed"                 ]               },               "metadata": {                 "operationMetadataId": "d5bd14bd-4078-4ec3-ac47-1cf8231dc1fc"               },               "type": "Compose",               "inputs": "Catch - for delete cases with no user"             },             "Catch_-_for_delete_cases_with_no_user_-_profile": {               "runAfter": {                 "Get_user_profile_(V2)": [                   "Failed"                 ]               },               "metadata": {                 "operationMetadataId": "8e03cbc5-24f2-4e76-b564-49f0c4eb48cc"               },               "type": "Compose",               "inputs": "Catch - for delete cases with no user"             }           },           "runAfter": {             "Get_app_from_CoE": [               "Succeeded"             ]           },           "expression": {             "and": [               {                 "not": {                   "equals": [                     "@triggerBody()['text']",                     "@null"                   ]                 }               },               {                 "not": {                   "equals": [                     "@triggerBody()['text_3']",                     "delete"                   ]                 }               }             ]           },           "metadata": {             "operationMetadataId": "39916be4-b054-4c70-a34b-216a85c8493a"           },           "type": "If"         },         "Get_app_from_CoE": {           "runAfter": {},           "metadata": {             "operationMetadataId": "8ad7f853-03ae-4360-9332-493b0ece6d9a"           },           "type": "OpenApiConnection",           "inputs": {             "host": {               "connectionName": "shared_commondataserviceforapps",               "operationId": "GetItem",               "apiId": "/providers/Microsoft.PowerApps/apis/shared_commondataserviceforapps"             },             "parameters": {               "entityName": "admin_apps",               "recordId": "@triggerBody()['text_1']"             },             "authentication": {               "type": "Raw",               "value": "@json(decodeBase64(triggerOutputs().headers['X-MS-APIM-Tokens']))['$ConnectionKey']"             }           }         }       },       "outputs": {}     }   },   "schemaVersion": "1.0.0.0" }
