<environmentvariabledefinition schemaname="admin_PowerAppEnvironmentVariable">
  <description default="REQUIRED. The maker URL used by PowerApps for your cloud. Ex https://make.powerapps.com/">
    <label description="REQUIRED. The maker URL used by PowerApps for your cloud. Ex https://make.powerapps.com/" languagecode="1033" />
  </description>
  <displayname default="PowerApp Maker Environment Variable">
    <label description="PowerApp Maker Environment Variable" languagecode="1033" />
  </displayname>
  <introducedversion>2.3</introducedversion>
  <iscustomizable>1</iscustomizable>
  <isrequired>0</isrequired>
  <secretstore>0</secretstore>
  <type>100000000</type>
</environmentvariabledefinition>