{   "properties": {     "connectionReferences": {       "shared_commondataserviceforapps": {         "runtimeSource": "embedded",         "connection": {           "connectionReferenceLogicalName": "admin_CoECoreDataverse2"         },         "api": {           "name": "shared_commondataserviceforapps"         }       }     },     "definition": {       "$schema": "https://schema.management.azure.com/providers/Microsoft.Logic/schemas/2016-06-01/workflowdefinition.json#",       "contentVersion": "1.0.0.0",       "parameters": {         "$connections": {           "defaultValue": {},           "type": "Object"         },         "$authentication": {           "defaultValue": {},           "type": "SecureObject"         }       },       "triggers": {         "When_a_row_is_modified_in_admin_businessjustificationdate_field": {           "metadata": {             "operationMetadataId": "a761144c-8214-484e-8f7b-7b15cb004365"           },           "type": "OpenApiConnectionWebhook",           "inputs": {             "host": {               "connectionName": "shared_commondataserviceforapps",               "operationId": "SubscribeWebhookTrigger",               "apiId": "/providers/Microsoft.PowerApps/apis/shared_commondataserviceforapps"             },             "parameters": {               "subscriptionRequest/message": 3,               "subscriptionRequest/entityname": "admin_environment",               "subscriptionRequest/scope": 4,               "subscriptionRequest/filteringattributes": "admin_businessjustificationdate"             },             "authentication": "@parameters('$authentication')"           }         }       },       "actions": {         "Start_BPF": {           "runAfter": {},           "metadata": {             "operationMetadataId": "7d1741fe-1c94-426e-ae22-21612ec9dd8b"           },           "type": "OpenApiConnection",           "inputs": {             "host": {               "connectionName": "shared_commondataserviceforapps",               "operationId": "CreateRecord",               "apiId": "/providers/Microsoft.PowerApps/apis/shared_commondataserviceforapps"             },             "parameters": {               "entityName": "new_environmentapprovalbpfs",               "item/bpf_name": "Business Justification ask for @{triggerOutputs()?['body/admin_displayname']}",               "item/activestagestartedon": "@utcNow()",               "item/bpf_admin_environmentid@odata.bind": "admin_environments(@{triggerOutputs()?['body/admin_environmentid']})"             },             "authentication": "@parameters('$authentication')"           }         }       }     }   },   "schemaVersion": "1.0.0.0" }
