{   "properties": {     "connectionReferences": {       "shared_commondataserviceforapps": {         "runtimeSource": "embedded",         "connection": {           "connectionReferenceLogicalName": "admin_CoECoreDataverse2"         },         "api": {           "name": "shared_commondataserviceforapps"         }       },       "shared_powerappsforadmins_1": {         "runtimeSource": "embedded",         "connection": {           "connectionReferenceLogicalName": "admin_CoECorePowerAppsAdmin2"         },         "api": {           "name": "shared_powerappsforadmins"         }       },       "shared_powerappsforappmakers": {         "runtimeSource": "embedded",         "connection": {           "connectionReferenceLogicalName": "admin_CoECorePowerAppsMakers"         },         "api": {           "name": "shared_powerappsforappmakers"         }       }     },     "definition": {       "$schema": "https://schema.management.azure.com/providers/Microsoft.Logic/schemas/2016-06-01/workflowdefinition.json#",       "contentVersion": "1.0.0.0",       "parameters": {         "$connections": {           "defaultValue": {},           "type": "Object"         },         "$authentication": {           "defaultValue": {},           "type": "SecureObject"         },         "Power Automate Environment Variable (admin_PowerAutomateEnvironmentVariable)": {           "defaultValue": "https://us.flow.microsoft.com/manage/environments/",           "type": "String",           "metadata": {             "schemaName": "admin_PowerAutomateEnvironmentVariable",             "description": "Environment, including geographic location, for Power Automate - Ex for commercial: https://flow.microsoft.com/manage/environments/"           }         }       },       "triggers": {         "manual": {           "metadata": {             "operationMetadataId": "906f340d-d7ef-44c5-9738-ea3d44b01048"           },           "type": "Request",           "kind": "Button",           "inputs": {             "schema": {               "type": "object",               "properties": {                 "text": {                   "title": "EnvtID",                   "type": "string",                   "x-ms-dynamically-added": true,                   "description": "Please enter your input",                   "x-ms-content-hint": "TEXT"                 },                 "boolean": {                   "title": "CheckIfDeleted",                   "type": "boolean",                   "x-ms-dynamically-added": true,                   "description": "Please select yes or no",                   "x-ms-content-hint": "BOOLEAN"                 },                 "boolean_1": {                   "title": "DeleteFromCoE",                   "type": "boolean",                   "x-ms-dynamically-added": true,                   "description": "Please select yes or no",                   "x-ms-content-hint": "BOOLEAN"                 },                 "text_1": {                   "title": "EnvtName",                   "type": "string",                   "x-ms-dynamically-added": true,                   "description": "Please enter your input",                   "x-ms-content-hint": "TEXT"                 }               },               "required": [                 "text",                 "boolean",                 "boolean_1",                 "text_1"               ]             }           }         }       },       "actions": {         "Initialize_returnValue": {           "runAfter": {             "Initialize_ConnObject": [               "Succeeded"             ]           },           "metadata": {             "operationMetadataId": "5b0e82ff-2beb-45e5-ad3e-356b5954d046"           },           "type": "InitializeVariable",           "inputs": {             "variables": [               {                 "name": "returnValue",                 "type": "string",                 "value": "pass"               }             ]           }         },         "Check_Deleted_Scope": {           "actions": {             "List_Inventory_Custom_Connectors": {               "runAfter": {},               "metadata": {                 "operationMetadataId": "e8e5574c-87ce-441e-b8be-03addf6a1686"               },               "type": "OpenApiConnection",               "inputs": {                 "host": {                   "connectionName": "shared_commondataserviceforapps",                   "operationId": "ListRecords",                   "apiId": "/providers/Microsoft.PowerApps/apis/shared_commondataserviceforapps"                 },                 "parameters": {                   "entityName": "admin_connectors",                   "$select": "admin_name, admin_connectorid",                   "$filter": "_admin_environmentcustomconnector_value eq '@{triggerBody()['text']}' and admin_iscustomapi eq true"                 },                 "authentication": {                   "type": "Raw",                   "value": "@json(decodeBase64(triggerOutputs().headers['X-MS-APIM-Tokens']))['$ConnectionKey']"                 }               },               "runtimeConfiguration": {                 "paginationPolicy": {                   "minimumItemCount": 100000                 }               }             },             "See_if_need_to_check_deleted_status_before_marking_delete": {               "actions": {                 "Filter_to_this_custom_connector": {                   "foreach": "@outputs('List_ccs_not_yet_marked_deleted')?['body/value']",                   "actions": {                     "Filter_array": {                       "runAfter": {},                       "metadata": {                         "operationMetadataId": "f446d734-b156-42e8-b514-d4687568ee93"                       },                       "type": "Query",                       "inputs": {                         "from": "@body('Parse_JSON')",                         "where": "@equals(item()['Name'], items('Filter_to_this_custom_connector')?['admin_name'])"                       }                     },                     "If_not_found_in_tenant,_delete_or_mark_deleted": {                       "actions": {                         "See_if_delete_row_from_inventory_or_mark_deleted_-_check_deleted": {                           "actions": {                             "Delete_this_cc_from_inventory": {                               "runAfter": {},                               "metadata": {                                 "operationMetadataId": "93aa5394-e199-4c3c-9281-f3009a1dbea5"                               },                               "type": "OpenApiConnection",                               "inputs": {                                 "host": {                                   "connectionName": "shared_commondataserviceforapps",                                   "operationId": "DeleteRecord",                                   "apiId": "/providers/Microsoft.PowerApps/apis/shared_commondataserviceforapps"                                 },                                 "parameters": {                                   "entityName": "admin_connectors",                                   "recordId": "@items('Filter_to_this_custom_connector')?['admin_connectorid']"                                 },                                 "authentication": {                                   "type": "Raw",                                   "value": "@json(decodeBase64(triggerOutputs().headers['X-MS-APIM-Tokens']))['$ConnectionKey']"                                 },                                 "retryPolicy": {                                   "type": "exponential",                                   "count": 10,                                   "interval": "PT10S"                                 }                               }                             }                           },                           "runAfter": {},                           "else": {                             "actions": {                               "Mark_this_cc_as_deleted_today": {                                 "runAfter": {},                                 "metadata": {                                   "operationMetadataId": "c2c7d355-9b82-4b19-a159-e3cd037331a1"                                 },                                 "type": "OpenApiConnection",                                 "inputs": {                                   "host": {                                     "connectionName": "shared_commondataserviceforapps",                                     "operationId": "UpdateRecord",                                     "apiId": "/providers/Microsoft.PowerApps/apis/shared_commondataserviceforapps"                                   },                                   "parameters": {                                     "entityName": "admin_connectors",                                     "recordId": "@items('Filter_to_this_custom_connector')?['admin_connectorid']",                                     "item/admin_connectordeleted": true,                                     "item/admin_connectordeletedon": "@utcNow()"                                   },                                   "authentication": {                                     "type": "Raw",                                     "value": "@json(decodeBase64(triggerOutputs().headers['X-MS-APIM-Tokens']))['$ConnectionKey']"                                   },                                   "retryPolicy": {                                     "type": "exponential",                                     "count": 10,                                     "interval": "PT10S"                                   }                                 }                               }                             }                           },                           "expression": {                             "equals": [                               "@triggerBody()['boolean_1']",                               "@true"                             ]                           },                           "metadata": {                             "operationMetadataId": "308ce22b-05a2-4d93-94dc-7bcc7a9d328d"                           },                           "type": "If"                         }                       },                       "runAfter": {                         "Filter_array": [                           "Succeeded"                         ]                       },                       "else": {                         "actions": {                           "found": {                             "runAfter": {},                             "metadata": {                               "operationMetadataId": "fc3ecc41-97d0-416c-bc10-bd2a48a5a43b"                             },                             "type": "Compose",                             "inputs": "found"                           }                         }                       },                       "expression": {                         "equals": [                           "@length(body('Filter_array'))",                           0                         ]                       },                       "metadata": {                         "operationMetadataId": "a37fb70c-322b-4b24-9f82-0bee2d1f2bcb"                       },                       "type": "If"                     }                   },                   "runAfter": {                     "Build_array_of_custom_connectors_that_still_exist": [                       "Succeeded"                     ]                   },                   "metadata": {                     "operationMetadataId": "a19a0ce8-ae43-435a-b0e5-dc01de85294e"                   },                   "type": "Foreach"                 },                 "List_ccs_not_yet_marked_deleted": {                   "runAfter": {},                   "metadata": {                     "operationMetadataId": "efffcfdc-902d-4cf1-8767-77f13bfd433d"                   },                   "type": "OpenApiConnection",                   "inputs": {                     "host": {                       "connectionName": "shared_commondataserviceforapps",                       "operationId": "ListRecords",                       "apiId": "/providers/Microsoft.PowerApps/apis/shared_commondataserviceforapps"                     },                     "parameters": {                       "entityName": "admin_connectors",                       "$select": "admin_name, admin_connectorid",                       "$filter": "_admin_environmentcustomconnector_value eq '@{triggerBody()['text']}' and admin_iscustomapi eq true and admin_connectordeleted eq false"                     },                     "authentication": {                       "type": "Raw",                       "value": "@json(decodeBase64(triggerOutputs().headers['X-MS-APIM-Tokens']))['$ConnectionKey']"                     }                   },                   "runtimeConfiguration": {                     "paginationPolicy": {                       "minimumItemCount": 100000                     }                   }                 },                 "Build_array_of_custom_connectors_that_still_exist": {                   "actions": {                     "Get_Custom_Connectors_as_Admin": {                       "runAfter": {},                       "metadata": {                         "operationMetadataId": "77c68fc4-0d64-4a4e-ae51-4f7954def810"                       },                       "type": "OpenApiConnection",                       "inputs": {                         "host": {                           "connectionName": "shared_powerappsforadmins_1",                           "operationId": "Get-AdminConnectors",                           "apiId": "/providers/Microsoft.PowerApps/apis/shared_powerappsforadmins"                         },                         "parameters": {                           "environment": "@triggerBody()['text_1']",                           "api-version": "2017-05-01",                           "$top": 250                         },                         "authentication": {                           "type": "Raw",                           "value": "@json(decodeBase64(triggerOutputs().headers['X-MS-APIM-Tokens']))['$ConnectionKey']"                         }                       },                       "runtimeConfiguration": {                         "paginationPolicy": {                           "minimumItemCount": 100000                         }                       }                     },                     "Get_Connectors": {                       "runAfter": {                         "Apply_to_each_Connector_1": [                           "Succeeded"                         ]                       },                       "metadata": {                         "operationMetadataId": "7aafbc99-d331-45a9-a54e-ca3fb3da2945"                       },                       "type": "OpenApiConnection",                       "inputs": {                         "host": {                           "connectionName": "shared_powerappsforappmakers",                           "operationId": "Get-Connectors",                           "apiId": "/providers/Microsoft.PowerApps/apis/shared_powerappsforappmakers"                         },                         "parameters": {                           "showApisWithToS": "true",                           "$filter": "environment eq '@{triggerBody()['text_1']}'",                           "api-version": "2016-11-01",                           "$top": 250                         },                         "authentication": {                           "type": "Raw",                           "value": "@json(decodeBase64(triggerOutputs().headers['X-MS-APIM-Tokens']))['$ConnectionKey']"                         }                       },                       "runtimeConfiguration": {                         "paginationPolicy": {                           "minimumItemCount": 100000                         }                       }                     },                     "Filter_to_custom_connectors": {                       "runAfter": {                         "Get_Connectors": [                           "Succeeded"                         ]                       },                       "metadata": {                         "operationMetadataId": "8b4d0c6a-7e07-416e-b1c8-8714a691a91f"                       },                       "type": "Query",                       "inputs": {                         "from": "@outputs('Get_Connectors')?['body/value']",                         "where": "@equals(item()?['properties/isCustomApi'], true)"                       }                     },                     "Apply_to_each_Connector_1": {                       "foreach": "@outputs('Get_Custom_Connectors_as_Admin')?['body/value']",                       "actions": {                         "Set_ConnObject_Type_1": {                           "runAfter": {},                           "metadata": {                             "operationMetadataId": "9d13d258-9078-4c1d-9e01-5a289f00de29"                           },                           "type": "SetVariable",                           "inputs": {                             "name": "ConnObject",                             "value": {                               "type": "1",                               "Name": "@items('Apply_to_each_Connector_1')?['name']"                             }                           }                         },                         "Append_to_array_variable": {                           "runAfter": {                             "Set_ConnObject_Type_1": [                               "Succeeded"                             ]                           },                           "metadata": {                             "operationMetadataId": "37bd576b-ec19-4b91-ae83-e414d8fd55bc"                           },                           "type": "AppendToArrayVariable",                           "inputs": {                             "name": "arrayOfConnectors",                             "value": "@variables('ConnObject')"                           }                         }                       },                       "runAfter": {                         "Get_Custom_Connectors_as_Admin": [                           "Succeeded"                         ]                       },                       "metadata": {                         "operationMetadataId": "6f146525-a8c1-4603-8ccf-c27e2179a7c3"                       },                       "type": "Foreach"                     },                     "Apply_to_each_Connector_2": {                       "foreach": "@body('Filter_to_custom_connectors')",                       "actions": {                         "Set_ConnObject_Type_2": {                           "runAfter": {},                           "metadata": {                             "operationMetadataId": "893dbcd6-06b7-43e1-aec6-de3bb98415f8"                           },                           "type": "SetVariable",                           "inputs": {                             "name": "ConnObject",                             "value": {                               "type": "2",                               "Name": "@items('Apply_to_each_Connector_2')?['name']"                             }                           }                         },                         "Append_to_array_variable_2": {                           "runAfter": {                             "Set_ConnObject_Type_2": [                               "Succeeded"                             ]                           },                           "metadata": {                             "operationMetadataId": "05064f00-faaf-4cda-a2f0-1cdff08c48e4"                           },                           "type": "AppendToArrayVariable",                           "inputs": {                             "name": "arrayOfConnectors",                             "value": "@variables('ConnObject')"                           }                         }                       },                       "runAfter": {                         "Filter_to_custom_connectors": [                           "Succeeded"                         ]                       },                       "metadata": {                         "operationMetadataId": "10f29b8d-f12c-49b0-9def-edc475c4e4e7"                       },                       "type": "Foreach"                     },                     "Parse_JSON": {                       "runAfter": {                         "Apply_to_each_Connector_2": [                           "Succeeded"                         ]                       },                       "metadata": {                         "operationMetadataId": "03f44b37-4422-4076-a045-bc46bff6fafe"                       },                       "type": "ParseJson",                       "inputs": {                         "content": "@variables('arrayOfConnectors')",                         "schema": {                           "type": "array",                           "items": {                             "type": "object",                             "properties": {                               "type": {                                 "type": "string"                               },                               "Name": {                                 "type": "string"                               }                             },                             "required": [                               "type",                               "Name"                             ]                           }                         }                       }                     }                   },                   "runAfter": {                     "List_ccs_not_yet_marked_deleted": [                       "Succeeded"                     ]                   },                   "metadata": {                     "operationMetadataId": "8d27cf8a-c74a-4e55-8cc0-7df092d44be5"                   },                   "type": "Scope"                 }               },               "runAfter": {                 "List_Inventory_Custom_Connectors": [                   "Succeeded"                 ]               },               "else": {                 "actions": {                   "See_if_delete_row_from_inventory_or_mark_deleted": {                     "actions": {                       "Delete_all_the_ccs_from_inventory": {                         "foreach": "@outputs('List_Inventory_Custom_Connectors')?['body/value']",                         "actions": {                           "Delete_cc_from_inventory": {                             "runAfter": {},                             "metadata": {                               "operationMetadataId": "daf99c88-1344-4cf1-a5bb-84333f0f32a2"                             },                             "type": "OpenApiConnection",                             "inputs": {                               "host": {                                 "connectionName": "shared_commondataserviceforapps",                                 "operationId": "DeleteRecord",                                 "apiId": "/providers/Microsoft.PowerApps/apis/shared_commondataserviceforapps"                               },                               "parameters": {                                 "entityName": "admin_connectors",                                 "recordId": "@items('Delete_all_the_ccs_from_inventory')?['admin_connectorid']"                               },                               "authentication": {                                 "type": "Raw",                                 "value": "@json(decodeBase64(triggerOutputs().headers['X-MS-APIM-Tokens']))['$ConnectionKey']"                               },                               "retryPolicy": {                                 "type": "exponential",                                 "count": 10,                                 "interval": "PT10S"                               }                             }                           }                         },                         "runAfter": {},                         "metadata": {                           "operationMetadataId": "5c8fc184-4828-4579-aae9-2c04d97b52d3"                         },                         "type": "Foreach"                       }                     },                     "runAfter": {},                     "else": {                       "actions": {                         "Mark_all_ccs_in_inventory_as_deleted_today": {                           "foreach": "@outputs('List_Inventory_Custom_Connectors')?['body/value']",                           "actions": {                             "Mark_cc_as_deleted_today": {                               "runAfter": {},                               "metadata": {                                 "operationMetadataId": "a29785ca-8639-450d-830a-1d7853217b9f"                               },                               "type": "OpenApiConnection",                               "inputs": {                                 "host": {                                   "connectionName": "shared_commondataserviceforapps",                                   "operationId": "UpdateRecord",                                   "apiId": "/providers/Microsoft.PowerApps/apis/shared_commondataserviceforapps"                                 },                                 "parameters": {                                   "entityName": "admin_connectors",                                   "recordId": "@items('Mark_all_ccs_in_inventory_as_deleted_today')?['admin_connectorid']",                                   "item/admin_connectordeleted": true,                                   "item/admin_connectordeletedon": "@utcNow()"                                 },                                 "authentication": {                                   "type": "Raw",                                   "value": "@json(decodeBase64(triggerOutputs().headers['X-MS-APIM-Tokens']))['$ConnectionKey']"                                 },                                 "retryPolicy": {                                   "type": "exponential",                                   "count": 10,                                   "interval": "PT10S"                                 }                               }                             }                           },                           "runAfter": {},                           "metadata": {                             "operationMetadataId": "88fc30eb-218b-42fe-89c0-07d1caa99104"                           },                           "type": "Foreach"                         }                       }                     },                     "expression": {                       "equals": [                         "@triggerBody()['boolean_1']",                         "@true"                       ]                     },                     "metadata": {                       "operationMetadataId": "577d3209-1d53-4870-a0f5-bf21ae094536"                     },                     "type": "If"                   }                 }               },               "expression": {                 "equals": [                   "@triggerBody()['boolean']",                   "@true"                 ]               },               "metadata": {                 "operationMetadataId": "1d0663e1-8ce3-4c5e-b453-4c1147c8d6e4"               },               "type": "If"             }           },           "runAfter": {             "Initialize_returnValue": [               "Succeeded"             ]           },           "metadata": {             "operationMetadataId": "9b4358be-7f0d-46f2-bbe8-f43648039b5d"           },           "type": "Scope"         },         "Error_Handling_Scope": {           "actions": {             "Create_Sync_Flow_Error_record": {               "runAfter": {},               "metadata": {                 "operationMetadataId": "840c4f31-e0a2-45fc-b62a-04d714778b9b"               },               "type": "OpenApiConnection",               "inputs": {                 "host": {                   "connectionName": "shared_commondataserviceforapps",                   "operationId": "CreateRecord",                   "apiId": "/providers/Microsoft.PowerApps/apis/shared_commondataserviceforapps"                 },                 "parameters": {                   "entityName": "admin_syncflowerrorses",                   "item/admin_name": "CLEANUP HELPER - Check Deleted (Custom Connectors)",                   "item/admin_environmentname": "@triggerBody()['text']",                   "item/admin_flowinstanceurl": "@concat(parameters('Power Automate Environment Variable (admin_PowerAutomateEnvironmentVariable)'), workflow()?['tags']['environmentName'], '/flows/', workflow()?['name'], '/runs/', workflow()?['run']['name'])"                 },                 "authentication": {                   "type": "Raw",                   "value": "@json(decodeBase64(triggerOutputs().headers['X-MS-APIM-Tokens']))['$ConnectionKey']"                 },                 "retryPolicy": {                   "type": "exponential",                   "count": 10,                   "interval": "PT10S"                 }               }             },             "Set_returnValue_to_fail": {               "runAfter": {                 "Create_Sync_Flow_Error_record": [                   "Succeeded"                 ]               },               "metadata": {                 "operationMetadataId": "2bc2f5c0-8df3-43a1-a178-5a5cd334c08d"               },               "type": "SetVariable",               "inputs": {                 "name": "returnValue",                 "value": "fail"               }             }           },           "runAfter": {             "Check_Deleted_Scope": [               "Failed"             ]           },           "metadata": {             "operationMetadataId": "3ae06981-9d42-459c-8a85-20aa11b6dea9"           },           "type": "Scope"         },         "Respond_to_a_PowerApp_or_flow": {           "runAfter": {             "Error_Handling_Scope": [               "Succeeded",               "Skipped"             ]           },           "metadata": {             "operationMetadataId": "48ea6e2c-7bd3-41ca-ba10-d997d5f5f6b4"           },           "type": "Response",           "kind": "PowerApp",           "inputs": {             "statusCode": 200,             "body": {               "thereturnvalue": "@variables('returnValue')"             },             "schema": {               "type": "object",               "properties": {                 "thereturnvalue": {                   "title": "theReturnValue",                   "x-ms-dynamically-added": true,                   "type": "string"                 }               }             }           }         },         "Initialize_arrayOfConnectors": {           "runAfter": {},           "metadata": {             "operationMetadataId": "a56ed85d-b1df-4167-b2cf-02df46a3e231"           },           "type": "InitializeVariable",           "inputs": {             "variables": [               {                 "name": "arrayOfConnectors",                 "type": "array"               }             ]           }         },         "Initialize_ConnObject": {           "runAfter": {             "Initialize_arrayOfConnectors": [               "Succeeded"             ]           },           "metadata": {             "operationMetadataId": "b2c6a9be-7ea9-42ab-97cf-859e89f49091"           },           "type": "InitializeVariable",           "inputs": {             "variables": [               {                 "name": "ConnObject",                 "type": "object"               }             ]           }         }       },       "outputs": {}     }   },   "schemaVersion": "1.0.0.0" }
