{   "properties": {     "connectionReferences": {       "shared_commondataserviceforapps": {         "runtimeSource": "embedded",         "connection": {           "connectionReferenceLogicalName": "admin_CoECoreDataverseEnvRequest"         },         "api": {           "name": "shared_commondataserviceforapps"         }       },       "shared_powerplatformforadmins_1": {         "runtimeSource": "embedded",         "connection": {           "connectionReferenceLogicalName": "admin_CoECorePowerPlatformforAdminsEnvRequest"         },         "api": {           "name": "shared_powerplatformforadmins"         }       }     },     "definition": {       "$schema": "https://schema.management.azure.com/providers/Microsoft.Logic/schemas/2016-06-01/workflowdefinition.json#",       "contentVersion": "1.0.0.0",       "parameters": {         "$connections": {           "defaultValue": {},           "type": "Object"         },         "$authentication": {           "defaultValue": {},           "type": "SecureObject"         }       },       "triggers": {         "manual": {           "metadata": {             "operationMetadataId": "a170cb01-1562-437f-ad23-e1c7addc3a6d"           },           "type": "Request",           "kind": "Button",           "inputs": {             "schema": {               "type": "object",               "properties": {                 "text": {                   "title": "PolicyId",                   "type": "string",                   "x-ms-dynamically-added": true,                   "description": "Unique Identifier of the Policy in Power Platform.",                   "x-ms-content-hint": "TEXT"                 },                 "boolean": {                   "title": "Upsert",                   "type": "boolean",                   "x-ms-dynamically-added": true,                   "description": "True to enable upsert behavior (create row if not found).",                   "x-ms-content-hint": "BOOLEAN"                 }               },               "required": [                 "text"               ]             }           }         }       },       "actions": {         "Initialize_variable_-_Currently_Blocked_Connectors": {           "runAfter": {             "Initialize_variable_-_Policy_Id": [               "Succeeded"             ]           },           "metadata": {             "operationMetadataId": "3192c57a-0311-4da8-884e-3721c221379e"           },           "type": "InitializeVariable",           "inputs": {             "variables": [               {                 "name": "arrPlatformPolicyConnectors",                 "type": "array"               }             ]           },           "description": "Connectors that are actually blocked in the Power Platform Policy (source of truth)."         },         "Initialize_variable_-_Connectors_to_Relate": {           "runAfter": {             "Initialize_variable_-_Currently_Blocked_Connectors": [               "Succeeded"             ]           },           "metadata": {             "operationMetadataId": "8949b3b5-ffb3-4a8d-b653-683230b124b8"           },           "type": "InitializeVariable",           "inputs": {             "variables": [               {                 "name": "arrConnectorsToRelate",                 "type": "array"               }             ]           }         },         "Initialize_variable_-_Connectors_to_Unrelate": {           "runAfter": {             "Initialize_variable_-_Connectors_to_Relate": [               "Succeeded"             ]           },           "metadata": {             "operationMetadataId": "06f4dbc2-5432-439c-9711-47801b575158"           },           "type": "InitializeVariable",           "inputs": {             "variables": [               {                 "name": "arrConnectorsToUnrelate",                 "type": "array"               }             ]           }         },         "Initialize_variable_-_Policy_Id": {           "runAfter": {},           "metadata": {             "operationMetadataId": "b2e6b686-8eca-4284-b57b-2f058cd0792b"           },           "type": "InitializeVariable",           "inputs": {             "variables": [               {                 "name": "var_policyId",                 "type": "string",                 "value": "@triggerBody()['text']"               }             ]           }         },         "Scope_-_Sync_Policy": {           "actions": {             "Get_Data": {               "actions": {                 "List_rows_-_PowerApps_Connectors": {                   "runAfter": {},                   "metadata": {                     "operationMetadataId": "4a2158ee-2d80-467f-9675-eb24995955bd"                   },                   "type": "OpenApiConnection",                   "inputs": {                     "host": {                       "connectionName": "shared_commondataserviceforapps",                       "operationId": "ListRecords",                       "apiId": "/providers/Microsoft.PowerApps/apis/shared_commondataserviceforapps"                     },                     "parameters": {                       "entityName": "admin_connectors",                       "$select": "admin_id,admin_connectorid,admin_displayname"                     },                     "authentication": {                       "type": "Raw",                       "value": "@json(decodeBase64(triggerOutputs().headers['X-MS-APIM-Tokens']))['$ConnectionKey']"                     }                   }                 },                 "Get_Policy": {                   "runAfter": {                     "List_rows_-_PowerApps_Connectors": [                       "Succeeded"                     ]                   },                   "metadata": {                     "operationMetadataId": "a64b2a6a-4a7c-443d-8274-4d9d9ff32640"                   },                   "type": "OpenApiConnection",                   "inputs": {                     "host": {                       "connectionName": "shared_commondataserviceforapps",                       "operationId": "GetItem",                       "apiId": "/providers/Microsoft.PowerApps/apis/shared_commondataserviceforapps"                     },                     "parameters": {                       "entityName": "admin_dlppolicies",                       "recordId": "@triggerBody()['text']",                       "$expand": "admin_blocked_policy_connectors($select=admin_id,admin_connectorid,admin_displayname)"                     },                     "authentication": {                       "type": "Raw",                       "value": "@json(decodeBase64(triggerOutputs().headers['X-MS-APIM-Tokens']))['$ConnectionKey']"                     }                   }                 },                 "Get_DLP_Policy_from_Power_Platform_API": {                   "runAfter": {                     "Get_Policy": [                       "Succeeded"                     ]                   },                   "metadata": {                     "operationMetadataId": "126d85ca-dcbd-486d-87c4-fe6ec8579fbe"                   },                   "type": "OpenApiConnection",                   "inputs": {                     "host": {                       "connectionName": "shared_powerplatformforadmins_1",                       "operationId": "GetPolicyV2",                       "apiId": "/providers/Microsoft.PowerApps/apis/shared_powerplatformforadmins"                     },                     "parameters": {                       "policy": "@outputs('Get_Policy')?['body/admin_policyid']"                     },                     "authentication": {                       "type": "Raw",                       "value": "@json(decodeBase64(triggerOutputs().headers['X-MS-APIM-Tokens']))['$ConnectionKey']"                     }                   }                 },                 "Filter_Blocked_Connectors_group": {                   "runAfter": {                     "Get_DLP_Policy_from_Power_Platform_API": [                       "Succeeded"                     ]                   },                   "metadata": {                     "operationMetadataId": "683b8c56-4cde-427d-8f18-1096f51731f0"                   },                   "type": "Query",                   "inputs": {                     "from": "@outputs('Get_DLP_Policy_from_Power_Platform_API')?['body/connectorGroups']",                     "where": "@equals(item()?['classification'], 'Blocked')"                   }                 },                 "Set_variable_-_Currently_Blocked_Connectors": {                   "runAfter": {                     "Filter_Blocked_Connectors_group": [                       "Succeeded"                     ]                   },                   "metadata": {                     "operationMetadataId": "ec24fe80-b528-4cc5-844e-95bbfc80a6f0"                   },                   "type": "SetVariable",                   "inputs": {                     "name": "arrPlatformPolicyConnectors",                     "value": "@first(body('Filter_Blocked_Connectors_group'))?['connectors']"                   }                 }               },               "runAfter": {},               "metadata": {                 "operationMetadataId": "859c3883-ba31-43d2-9d88-b5529a22ee22"               },               "type": "Scope"             },             "Parse_JSON_-_DLP_Policies_with_Connectors": {               "runAfter": {                 "Get_Data": [                   "Succeeded"                 ]               },               "metadata": {                 "operationMetadataId": "8a00ba14-1398-46da-9aba-9238b8e27b83"               },               "type": "ParseJson",               "inputs": {                 "content": "@body('Get_Policy')",                 "schema": {                   "type": "object",                   "properties": {                     "@@odata.id": {                       "type": "string",                       "title": "Policy OData Id"                     },                     "admin_name": {                       "type": "string",                       "title": "Policy display name"                     },                     "statuscode@OData.Community.Display.V1.FormattedValue": {                       "type": "string",                       "title": "Formatted Policy status code"                     },                     "statuscode": {                       "type": "integer",                       "title": "Policy status code"                     },                     "admin_dlppolicyid": {                       "type": "string",                       "title": "Power Platform Policy Id",                       "description": "Unique identifier for the Policy as it appears in the Power Platform."                     },                     "statecode@OData.Community.Display.V1.FormattedValue": {                       "type": "string"                     },                     "statecode": {                       "type": "integer"                     },                     "admin_policyid": {                       "type": "string"                     },                     "admin_blocked_policy_connectors": {                       "type": "array",                       "title": "Blocked Connectors",                       "items": {                         "type": "object",                         "properties": {                           "@@odata.type": {                             "type": "string",                             "title": "Blocked connector OData type"                           },                           "@@odata.id": {                             "type": "string",                             "title": "Blocked connector OData Id"                           },                           "admin_id": {                             "type": "string",                             "title": "Blocked connector Id",                             "description": "Power Platform connector Id"                           },                           "admin_connectorid": {                             "type": "string",                             "title": "Blocked PowerAppsConnector Id"                           },                           "admin_displayname": {                             "type": "string",                             "title": "Blocked connector display name"                           }                         }                       }                     },                     "admin_blocked_policy_connectors@odata.nextLink": {                       "type": "string"                     }                   }                 }               }             },             "Set_variable_3": {               "runAfter": {                 "Parse_JSON_-_DLP_Policies_with_Connectors": [                   "Succeeded"                 ]               },               "metadata": {                 "operationMetadataId": "b1b85483-50e5-49bd-b7b4-8b72f3e2be24"               },               "type": "SetVariable",               "inputs": {                 "name": "arrDataversePolicyConnectors",                 "value": "@body('Parse_JSON_-_DLP_Policies_with_Connectors')?['admin_blocked_policy_connectors']"               }             },             "Update_Policy_Connectors_in_Dataverse": {               "actions": {                 "Relate_connectors_not_already_in_Policy": {                   "actions": {                     "Apply_to_each_Blocked_Connector": {                       "foreach": "@variables('arrPlatformPolicyConnectors')",                       "actions": {                         "Find_connector_in_Dataverse_Policy": {                           "runAfter": {},                           "metadata": {                             "operationMetadataId": "d12e196e-7ae9-41a3-a66c-e2d8d54a2439"                           },                           "type": "Query",                           "inputs": {                             "from": "@variables('arrDataversePolicyConnectors')",                             "where": "@equals(item()?['admin_id'], items('Apply_to_each_Blocked_Connector')?['id'])"                           }                         },                         "Check_if_blocked_connector_is_in_the_Dataverse_Policy": {                           "actions": {},                           "runAfter": {                             "Find_connector_in_Dataverse_Policy": [                               "Succeeded"                             ]                           },                           "else": {                             "actions": {                               "Compose": {                                 "runAfter": {},                                 "metadata": {                                   "operationMetadataId": "39ff66ea-be3c-4cdf-bf45-0692bfa12471"                                 },                                 "type": "Compose",                                 "inputs": "@{items('Apply_to_each_Blocked_Connector')?['id']} is blocked and was not already in the Dataverse policy"                               },                               "Filter_array": {                                 "runAfter": {                                   "Compose": [                                     "Succeeded"                                   ]                                 },                                 "metadata": {                                   "operationMetadataId": "d20439b7-a549-4250-9695-e77ca5573b7f"                                 },                                 "type": "Query",                                 "inputs": {                                   "from": "@outputs('List_rows_-_PowerApps_Connectors')?['body/value']",                                   "where": "@equals(item()?['admin_id'], items('Apply_to_each_Blocked_Connector')?['id'])"                                 }                               },                               "Compose_4": {                                 "runAfter": {                                   "Filter_array": [                                     "Succeeded"                                   ]                                 },                                 "metadata": {                                   "operationMetadataId": "14849b41-37da-4dbf-b7b2-6d3fac93acdf"                                 },                                 "type": "Compose",                                 "inputs": "@first(body('Filter_array'))?['@odata.id']"                               },                               "Condition": {                                 "actions": {                                   "Relate_rows": {                                     "runAfter": {},                                     "metadata": {                                       "operationMetadataId": "b933aa54-2a8c-487e-b37c-efd518e01534"                                     },                                     "type": "OpenApiConnection",                                     "inputs": {                                       "host": {                                         "connectionName": "shared_commondataserviceforapps",                                         "operationId": "AssociateEntities",                                         "apiId": "/providers/Microsoft.PowerApps/apis/shared_commondataserviceforapps"                                       },                                       "parameters": {                                         "entityName": "admin_dlppolicies",                                         "recordId": "@variables('var_policyId')",                                         "associationEntityRelationship": "admin_blocked_policy_connectors",                                         "item/@odata.id": "@outputs('Compose_4')"                                       },                                       "authentication": {                                         "type": "Raw",                                         "value": "@json(decodeBase64(triggerOutputs().headers['X-MS-APIM-Tokens']))['$ConnectionKey']"                                       }                                     }                                   }                                 },                                 "runAfter": {                                   "Compose_4": [                                     "Succeeded"                                   ]                                 },                                 "else": {                                   "actions": {                                     "Append_to_array_variable": {                                       "runAfter": {},                                       "metadata": {                                         "operationMetadataId": "f7903e68-823b-44af-ab22-6b20c5280072"                                       },                                       "type": "AppendToArrayVariable",                                       "inputs": {                                         "name": "arrConnectorsToRelate",                                         "value": "@items('Apply_to_each_Blocked_Connector')?['id']"                                       }                                     }                                   }                                 },                                 "expression": {                                   "greater": [                                     "@length(body('Filter_array'))",                                     0                                   ]                                 },                                 "metadata": {                                   "operationMetadataId": "2d6f1b11-c0b5-4dff-8f63-58f5f6c09b4a"                                 },                                 "type": "If"                               }                             }                           },                           "expression": {                             "greater": [                               "@length(body('Find_connector_in_Dataverse_Policy'))",                               0                             ]                           },                           "metadata": {                             "operationMetadataId": "c47fa9ff-a463-4e94-ad40-c909a463f0e4"                           },                           "type": "If"                         }                       },                       "runAfter": {},                       "metadata": {                         "operationMetadataId": "c5a4866d-2d20-4c0f-834f-a4f289bc99ec"                       },                       "type": "Foreach",                       "description": "Iterates through the blocked connectors from the Platform policy (source of truth)",                       "runtimeConfiguration": {                         "concurrency": {                           "repetitions": 50                         }                       }                     }                   },                   "runAfter": {},                   "metadata": {                     "operationMetadataId": "7985ec60-5daf-43f4-8f66-bd5b77eeedfc"                   },                   "type": "Scope"                 },                 "Unrelate_connectors_no_longer_in_Policy": {                   "actions": {                     "Apply_to_each_Connector_in_Dataverse_Policy": {                       "foreach": "@variables('arrDataversePolicyConnectors')",                       "actions": {                         "Check_if_connector_still_in_Platform_Policy": {                           "runAfter": {},                           "metadata": {                             "operationMetadataId": "66bba600-4b63-484e-abf9-1069fc2aaba6"                           },                           "type": "Query",                           "inputs": {                             "from": "@variables('arrPlatformPolicyConnectors')",                             "where": "@equals(item()?['id'], items('Apply_to_each_Connector_in_Dataverse_Policy')?['admin_id'])"                           }                         },                         "Connector_is_still_in_Platform_Policy": {                           "actions": {},                           "runAfter": {                             "Check_if_connector_still_in_Platform_Policy": [                               "Succeeded"                             ]                           },                           "else": {                             "actions": {                               "Append_to_array_variable_2": {                                 "runAfter": {},                                 "metadata": {                                   "operationMetadataId": "ff6e2bc4-932e-4517-8b1b-2da986d339a3"                                 },                                 "type": "AppendToArrayVariable",                                 "inputs": {                                   "name": "arrConnectorsToUnrelate",                                   "value": "@items('Apply_to_each_Connector_in_Dataverse_Policy')?['admin_id']"                                 }                               },                               "Unrelate_rows": {                                 "runAfter": {                                   "Connector_no_longer_in_policy": [                                     "Succeeded"                                   ]                                 },                                 "metadata": {                                   "operationMetadataId": "e368415a-0c54-4a5f-bb86-3ca4b65f69cd"                                 },                                 "type": "OpenApiConnection",                                 "inputs": {                                   "host": {                                     "connectionName": "shared_commondataserviceforapps",                                     "operationId": "DisassociateEntities",                                     "apiId": "/providers/Microsoft.PowerApps/apis/shared_commondataserviceforapps"                                   },                                   "parameters": {                                     "entityName": "admin_dlppolicies",                                     "recordId": "@variables('var_policyId')",                                     "associationEntityRelationship": "admin_blocked_policy_connectors",                                     "$id": "@outputs('Connector_no_longer_in_policy')"                                   },                                   "authentication": {                                     "type": "Raw",                                     "value": "@json(decodeBase64(triggerOutputs().headers['X-MS-APIM-Tokens']))['$ConnectionKey']"                                   }                                 }                               },                               "Connector_no_longer_in_policy": {                                 "runAfter": {                                   "Append_to_array_variable_2": [                                     "Succeeded"                                   ]                                 },                                 "metadata": {                                   "operationMetadataId": "e2babdef-6734-40da-9e3b-322eac23e9be"                                 },                                 "type": "Compose",                                 "inputs": "@first(body('Check_if_connector_still_in_Platform_Policy'))?['@odata.id']"                               }                             }                           },                           "expression": {                             "greater": [                               "@length(body('Check_if_connector_still_in_Platform_Policy'))",                               0                             ]                           },                           "metadata": {                             "operationMetadataId": "e6029c7e-2003-439e-b013-f5e700344fa9"                           },                           "type": "If"                         }                       },                       "runAfter": {},                       "metadata": {                         "operationMetadataId": "8e781186-2472-46cc-9c96-910ac1f2055c"                       },                       "type": "Foreach",                       "runtimeConfiguration": {                         "concurrency": {                           "repetitions": 50                         }                       }                     }                   },                   "runAfter": {                     "Compose_3": [                       "Succeeded"                     ]                   },                   "metadata": {                     "operationMetadataId": "2e2fc9c0-5859-4cc4-bfb3-b61f1df1f2b8"                   },                   "type": "Scope"                 },                 "Compose_3": {                   "runAfter": {                     "Relate_connectors_not_already_in_Policy": [                       "Succeeded"                     ]                   },                   "metadata": {                     "operationMetadataId": "31b32f54-76a5-4291-850f-2fa619a76b8d"                   },                   "type": "Compose",                   "inputs": "@variables('arrConnectorsToUnrelate')"                 },                 "Compose_2": {                   "runAfter": {                     "Unrelate_connectors_no_longer_in_Policy": [                       "Succeeded"                     ]                   },                   "metadata": {                     "operationMetadataId": "b67697bb-653e-4078-b4eb-1d8daa0fdb9c"                   },                   "type": "Compose",                   "inputs": "@variables('arrConnectorsToRelate')"                 }               },               "runAfter": {                 "Set_variable_3": [                   "Succeeded"                 ]               },               "metadata": {                 "operationMetadataId": "0296ddfa-f12d-4d40-8956-34ad72fbc617"               },               "type": "Scope"             }           },           "runAfter": {             "Initialize_variable_-_Status_Code": [               "Succeeded"             ]           },           "metadata": {             "operationMetadataId": "757bcfcd-6738-41e8-b7d5-4196f120a408"           },           "type": "Scope"         },         "Initialize_variable_-_Recorded_Blocked_Connectors": {           "runAfter": {             "Initialize_variable_-_Connectors_to_Unrelate": [               "Succeeded"             ]           },           "metadata": {             "operationMetadataId": "490a863c-0978-45ad-87f0-78f1c2ae13d2"           },           "type": "InitializeVariable",           "inputs": {             "variables": [               {                 "name": "arrDataversePolicyConnectors",                 "type": "array"               }             ]           },           "description": "Connectors blocked in the Dataverse DLP Policy (to be updated)"         },         "Initialize_variable_-_Status_Code": {           "runAfter": {             "Initialize_variable_-_Recorded_Blocked_Connectors": [               "Succeeded"             ]           },           "metadata": {             "operationMetadataId": "99970bdd-1b01-42e0-870e-79df17667aea"           },           "type": "InitializeVariable",           "inputs": {             "variables": [               {                 "name": "var_statusCode",                 "type": "integer",                 "value": 200               }             ]           }         },         "Set_variable_-_Status_Code_-_Failed": {           "runAfter": {             "Scope_-_Sync_Policy": [               "Failed",               "Skipped",               "TimedOut"             ]           },           "metadata": {             "operationMetadataId": "c89bbd05-d358-40cf-92eb-af15e39c7daf"           },           "type": "SetVariable",           "inputs": {             "name": "var_statusCode",             "value": 500           }         },         "Compose_5": {           "runAfter": {             "Scope_-_Sync_Policy": [               "Succeeded"             ]           },           "metadata": {             "operationMetadataId": "457b963c-7ae0-4a5d-b1c8-667a3fc08425"           },           "type": "Compose",           "inputs": "Success"         },         "Respond_to_a_PowerApp_or_flow": {           "runAfter": {             "Compose_5": [               "Succeeded",               "Failed",               "Skipped",               "TimedOut"             ],             "Set_variable_-_Status_Code_-_Failed": [               "Succeeded",               "Failed",               "Skipped",               "TimedOut"             ]           },           "metadata": {             "operationMetadataId": "1554c53b-8521-49fd-91a1-dd28d2f49f7c"           },           "type": "Response",           "kind": "PowerApp",           "inputs": {             "statusCode": 200,             "body": {               "status": "@{variables('var_statusCode')}"             },             "schema": {               "type": "object",               "properties": {                 "status": {                   "title": "Status",                   "x-ms-dynamically-added": true,                   "type": "number"                 }               }             }           }         }       }     }   },   "schemaVersion": "1.0.0.0" }
