<environmentvariabledefinition schemaname="admin_ExcludeDefault">
  <defaultvalue>no</defaultvalue>
  <description default="Set to Yes if you want to Exclude the Default environment from the Admin | Compliance Details request flow">
    <label description="Set to Yes if you want to Exclude the Default environment from the Admin | Compliance Details request flow" languagecode="1033" />
  </description>
  <displayname default="Exclude Default environment from Compliance Request flows">
    <label description="Exclude Default environment from Compliance Request flows" languagecode="1033" />
  </displayname>
  <introducedversion>1.45</introducedversion>
  <iscustomizable>1</iscustomizable>
  <isrequired>0</isrequired>
  <type>100000002</type>
</environmentvariabledefinition>