<environmentvariabledefinition schemaname="admin_InventoryFilter_DaysToLookBack">
  <defaultvalue>7</defaultvalue>
  <description default="When not running a full inventory, we filter back this number of days and then see if the object needs updated">
    <label description="When not running a full inventory, we filter back this number of days and then see if the object needs updated" languagecode="1033" />
  </description>
  <displayname default="InventoryFilter_DaysToLookBack">
    <label description="InventoryFilter_DaysToLookBack" languagecode="1033" />
  </displayname>
  <introducedversion>3.45.1</introducedversion>
  <iscustomizable>1</iscustomizable>
  <isrequired>0</isrequired>
  <secretstore>0</secretstore>
  <type>100000001</type>
</environmentvariabledefinition>