<environmentvariabledefinition schemaname="admin_eMailBodyStart">
  <defaultvalue>&lt;body&gt;     &lt;div id='content'&gt;         &lt;table id='form'&gt;             &lt;tr&gt;                 &lt;td&gt;&lt;img id='logo' src='https://upload.wikimedia.org/wikipedia/commons/thumb/9/96/Microsoft_logo_%282012%29.svg/1280px-Microsoft_logo_%282012%29.svg.png' width='300px'&gt;&lt;/td&gt;             &lt;/tr&gt;             &lt;tr&gt;                 &lt;td&gt;                     &lt;p id='header'&gt;Power Platform&lt;/p&gt;                 &lt;/td&gt;             &lt;/tr&gt;             &lt;tr id='ribbon'&gt;                 &lt;td&gt;                     &lt;tr&gt;                         &lt;td&gt;&lt;/td&gt;                     &lt;/tr&gt;                     &lt;tr id='message'&gt;                         &lt;td&gt;</defaultvalue>
  <description default="Starter HTML format for eMails">
    <label description="Starter HTML format for eMails" languagecode="1033" />
  </description>
  <displayname default="eMail Body Start">
    <label description="eMail Body Start" languagecode="1033" />
  </displayname>
  <introducedversion>3.19.2</introducedversion>
  <iscustomizable>1</iscustomizable>
  <isrequired>0</isrequired>
  <secretstore>0</secretstore>
  <type>100000000</type>
</environmentvariabledefinition>