<environmentvariabledefinition schemaname="admin_CommunityURL">
  <description default="Link to your internal Microsoft Power Platform community (for example, Yammer or Teams)">
    <label description="Link to your internal Microsoft Power Platform community (for example, Yammer or Teams)" languagecode="1033" />
  </description>
  <displayname default="Community URL">
    <label description="Community URL" languagecode="1033" />
  </displayname>
  <introducedversion>1.33</introducedversion>
  <iscustomizable>1</iscustomizable>
  <isrequired>0</isrequired>
  <type>100000000</type>
</environmentvariabledefinition>