<environmentvariabledefinition schemaname="admin_TenantID">
  <description default="REQUIRED. Azure Tenant ID">
    <label description="REQUIRED. Azure Tenant ID" languagecode="1033" />
  </description>
  <displayname default="TenantID">
    <label description="TenantID" languagecode="1033" />
  </displayname>
  <introducedversion>2.3</introducedversion>
  <iscustomizable>1</iscustomizable>
  <isrequired>0</isrequired>
  <secretstore>0</secretstore>
  <type>100000000</type>
</environmentvariabledefinition>