<environmentvariabledefinition schemaname="admin_CommandCenterClientAzureSecret">
  <description default="LEAVE EMPTY ON IMPORT. Azure Key Vault ID of the Client Secret for the app registered to fetch M365 Service Messages. Use only if you have stored your secret in Azure Key Vault.">
    <label description="LEAVE EMPTY ON IMPORT. Azure Key Vault ID of the Client Secret for the app registered to fetch M365 Service Messages. Use only if you have stored your secret in Azure Key Vault." languagecode="1033" />
  </description>
  <displayname default="Command Center - Client Azure Secret">
    <label description="Command Center - Client Azure Secret" languagecode="1033" />
  </displayname>
  <introducedversion>3.20.8</introducedversion>
  <iscustomizable>1</iscustomizable>
  <isrequired>0</isrequired>
  <secretstore>0</secretstore>
  <type>100000005</type>
</environmentvariabledefinition>