<environmentvariabledefinition schemaname="coe_EnvironmentRequestAdminAppUrl">
  <description default="LEAVE EMPTY ON IMPORT. URL to Environment Request Admin Canvas App.">
    <label description="LEAVE EMPTY ON IMPORT. URL to Environment Request Admin Canvas App." languagecode="1033" />
  </description>
  <displayname default="Environment Request Admin App Url">
    <label description="Environment Request Admin App Url" languagecode="1033" />
  </displayname>
  <introducedversion>1.0.0.5</introducedversion>
  <iscustomizable>1</iscustomizable>
  <isrequired>0</isrequired>
  <type>100000000</type>
</environmentvariabledefinition>