{   "properties": {     "connectionReferences": {},     "definition": {       "$schema": "https://schema.management.azure.com/providers/Microsoft.Logic/schemas/2016-06-01/workflowdefinition.json#",       "contentVersion": "1.0.0.0",       "parameters": {         "$authentication": {           "defaultValue": {},           "type": "SecureObject"         }       },       "triggers": {         "Recurrence": {           "recurrence": {             "frequency": "Day",             "interval": 1,             "startTime": "2022-08-30T16:00:00Z"           },           "metadata": {             "operationMetadataId": "68e538a0-b03b-40f2-b6ea-a2446c364e3f"           },           "type": "Recurrence"         }       },       "actions": {         "Call__Admin_|_Sync_Template_v3_Configure_Emails": {           "runAfter": {             "Wait_for_Metadata_to_install_before_running_others": [               "Succeeded"             ]           },           "metadata": {             "operationMetadataId": "43b60d51-fd78-42b8-9831-62d54404f5f2"           },           "type": "Workflow",           "inputs": {             "host": {               "workflowReferenceName": "0ca18fdb-ac43-ec11-8c62-00224829b4c1"             }           }         },         "Call_Admin_|_Sync_Template_v3_(Connectors)": {           "runAfter": {             "Wait_for_Metadata_to_install_before_running_others": [               "Succeeded"             ]           },           "metadata": {             "operationMetadataId": "ccadcd2f-2739-4437-b3b9-075d5be90089"           },           "type": "Workflow",           "inputs": {             "host": {               "workflowReferenceName": "7e1ddb35-613d-eb11-a813-000d3a8f4ad6"             }           }         },         "Error_handling_in_Child_Flows": {           "runAfter": {},           "metadata": {             "operationMetadataId": "70595bf2-dc92-45d1-93df-7ecc4fa7f22d"           },           "type": "Compose",           "inputs": "No error handling here. All in child flows. This is just to allow these flows to be called from apps as well as be run on a schedule. "         },         "Call_Admin_|_Sync_Template_v3_CoE_Solution_Metadata": {           "runAfter": {             "Error_handling_in_Child_Flows": [               "Succeeded"             ]           },           "metadata": {             "operationMetadataId": "96f7e691-a534-4b01-b42a-7109edd7ca6e"           },           "type": "Workflow",           "inputs": {             "host": {               "workflowReferenceName": "f67e1e35-4cd5-ec11-a7b5-0022482783b7"             }           }         },         "Wait_for_Metadata_to_install_before_running_others": {           "runAfter": {             "Call_Admin_|_Sync_Template_v3_CoE_Solution_Metadata": [               "Succeeded"             ]           },           "metadata": {             "operationMetadataId": "90884f55-ad50-4362-bfdf-bfd974971079"           },           "type": "Wait",           "inputs": {             "interval": {               "count": 5,               "unit": "Minute"             }           }         }       }     }   },   "schemaVersion": "1.0.0.0" }
