{   "properties": {     "connectionReferences": {       "shared_commondataserviceforapps_1": {         "runtimeSource": "embedded",         "connection": {           "connectionReferenceLogicalName": "admin_CoECoreDataverse2"         },         "api": {           "name": "shared_commondataserviceforapps"         }       },       "shared_commondataserviceforapps_2": {         "runtimeSource": "embedded",         "connection": {           "connectionReferenceLogicalName": "admin_sharedcommondataserviceforapps_98924"         },         "api": {           "name": "shared_commondataserviceforapps"         }       },       "shared_commondataservice_1": {         "runtimeSource": "embedded",         "connection": {           "connectionReferenceLogicalName": "admin_CoECoreDataverseLegacy"         },         "api": {           "name": "shared_commondataservice"         }       },       "shared_commondataserviceforapps": {         "runtimeSource": "embedded",         "connection": {           "connectionReferenceLogicalName": "admin_sharedcommondataserviceforapps_98924"         },         "api": {           "name": "shared_commondataserviceforapps"         }       }     },     "definition": {       "$schema": "https://schema.management.azure.com/providers/Microsoft.Logic/schemas/2016-06-01/workflowdefinition.json#",       "contentVersion": "1.0.0.0",       "parameters": {         "$connections": {           "defaultValue": {},           "type": "Object"         },         "$authentication": {           "defaultValue": {},           "type": "SecureObject"         },         "Power Automate Environment Variable (admin_PowerAutomateEnvironmentVariable)": {           "defaultValue": "https://us.flow.microsoft.com/manage/environments/",           "type": "String",           "metadata": {             "schemaName": "admin_PowerAutomateEnvironmentVariable",             "description": "Environment, including geographic location, for Power Automate - Ex for commercial: https://flow.microsoft.com/manage/environments/"           }         }       },       "triggers": {         "manual": {           "metadata": {             "operationMetadataId": "8b6e047c-7973-4ff5-9ea4-682396638f2a"           },           "type": "Request",           "kind": "Button",           "inputs": {             "schema": {               "type": "object",               "properties": {                 "text": {                   "title": "EnvtID",                   "type": "string",                   "x-ms-dynamically-added": true,                   "description": "Please enter your input",                   "x-ms-content-hint": "TEXT"                 },                 "boolean": {                   "title": "CheckIfDeleted",                   "type": "boolean",                   "x-ms-dynamically-added": true,                   "description": "Please select yes or no",                   "x-ms-content-hint": "BOOLEAN"                 },                 "boolean_1": {                   "title": "DeleteFromCoE",                   "type": "boolean",                   "x-ms-dynamically-added": true,                   "description": "Please select yes or no",                   "x-ms-content-hint": "BOOLEAN"                 },                 "text_1": {                   "title": "EnvtName",                   "type": "string",                   "x-ms-dynamically-added": true,                   "description": "Please enter your input",                   "x-ms-content-hint": "TEXT"                 }               },               "required": [                 "text",                 "boolean",                 "boolean_1",                 "text_1"               ]             }           }         }       },       "actions": {         "Get_Envt_CDS_MetaDataName": {           "actions": {             "Get_Envt_from_CoE_inventory": {               "runAfter": {},               "metadata": {                 "operationMetadataId": "66a9b415-a575-4d8c-a3c5-7a8c57e04fc2"               },               "type": "OpenApiConnection",               "inputs": {                 "host": {                   "connectionName": "shared_commondataserviceforapps_1",                   "operationId": "GetItem",                   "apiId": "/providers/Microsoft.PowerApps/apis/shared_commondataserviceforapps"                 },                 "parameters": {                   "entityName": "admin_environments",                   "recordId": "@triggerBody()['text']",                   "$select": "admin_environmentcdsmetadataname"                 },                 "authentication": {                   "type": "Raw",                   "value": "@json(decodeBase64(triggerOutputs().headers['X-MS-APIM-Tokens']))['$ConnectionKey']"                 },                 "retryPolicy": {                   "type": "exponential",                   "count": 10,                   "interval": "PT10S"                 }               }             },             "EnvtMetadataName": {               "runAfter": {                 "Get_Envt_from_CoE_inventory": [                   "Succeeded"                 ]               },               "metadata": {                 "operationMetadataId": "56873fc8-d3c0-4aa6-a839-9cc96da0fb5c"               },               "type": "Compose",               "inputs": "@outputs('Get_Envt_from_CoE_inventory')?['body/admin_environmentcdsmetadataname']"             }           },           "runAfter": {},           "metadata": {             "operationMetadataId": "326a5697-e2fd-4c96-b266-d5442c1963a1"           },           "type": "Scope"         },         "Initialize_returnValue": {           "runAfter": {             "Get_Envt_CDS_MetaDataName": [               "Succeeded"             ]           },           "metadata": {             "operationMetadataId": "9bd12cd4-f02c-4af0-ad8d-846691b32ef6"           },           "type": "InitializeVariable",           "inputs": {             "variables": [               {                 "name": "returnValue",                 "type": "string",                 "value": "pass"               }             ]           }         },         "Initialize_noSolns": {           "runAfter": {             "Initialize_returnValue": [               "Succeeded"             ]           },           "metadata": {             "operationMetadataId": "39f01852-5ff2-4c09-9636-50654031f78b"           },           "type": "InitializeVariable",           "inputs": {             "variables": [               {                 "name": "noSolns",                 "type": "boolean",                 "value": "@false"               }             ]           }         },         "Initialize_SolnFound": {           "runAfter": {             "Initialize_noSolns": [               "Succeeded"             ]           },           "metadata": {             "operationMetadataId": "72d92743-03ae-49c6-91aa-56b7c926e6b8"           },           "type": "InitializeVariable",           "inputs": {             "variables": [               {                 "name": "SolnFound",                 "type": "boolean",                 "value": "@false"               }             ]           }         },         "Check_Deleted_Scope": {           "actions": {             "If_have_access_then_continue": {               "actions": {                 "List_Solutions": {                   "runAfter": {},                   "metadata": {                     "operationMetadataId": "c72cb613-7804-4750-b5cf-6b75922c8980"                   },                   "type": "OpenApiConnection",                   "inputs": {                     "host": {                       "connectionName": "shared_commondataserviceforapps_2",                       "operationId": "ListRecords",                       "apiId": "/providers/Microsoft.PowerApps/apis/shared_commondataserviceforapps"                     },                     "parameters": {                       "entityName": "admin_solutions",                       "$select": "admin_solutionid, admin_solutiondeletedon, admin_name",                       "$filter": "_admin_solutionenvironment_value eq '@{triggerBody()['text']}'"                     },                     "authentication": {                       "type": "Raw",                       "value": "@json(decodeBase64(triggerOutputs().headers['X-MS-APIM-Tokens']))['$ConnectionKey']"                     }                   }                 },                 "See_if_need_to_check_deleted_status_before_marking_delete": {                   "actions": {                     "List_Solutions_not_yet_marked_deleted": {                       "runAfter": {},                       "metadata": {                         "operationMetadataId": "f447cbc3-95bd-4731-ad90-18eb309c1542"                       },                       "type": "OpenApiConnection",                       "inputs": {                         "host": {                           "connectionName": "shared_commondataserviceforapps_2",                           "operationId": "ListRecords",                           "apiId": "/providers/Microsoft.PowerApps/apis/shared_commondataserviceforapps"                         },                         "parameters": {                           "entityName": "admin_solutions",                           "$select": "admin_solutionid, admin_solutiondeleted, admin_solutiondeletedon, admin_name",                           "$filter": "_admin_solutionenvironment_value eq '@{triggerBody()['text']}' and admin_solutiondeleted eq false"                         },                         "authentication": {                           "type": "Raw",                           "value": "@json(decodeBase64(triggerOutputs().headers['X-MS-APIM-Tokens']))['$ConnectionKey']"                         }                       }                     },                     "Get_this_envs_Solns_from_solutions": {                       "runAfter": {                         "List_Solutions_not_yet_marked_deleted": [                           "Succeeded"                         ]                       },                       "metadata": {                         "operationMetadataId": "183bd15a-c065-4568-aa8a-71e34179e9ee"                       },                       "type": "OpenApiConnection",                       "inputs": {                         "host": {                           "connectionName": "shared_commondataservice_1",                           "operationId": "GetItems_V2",                           "apiId": "/providers/Microsoft.PowerApps/apis/shared_commondataservice"                         },                         "parameters": {                           "dataset": "@outputs('EnvtMetadataName')",                           "table": "solutions",                           "$filter": "createdby/fullname ne 'SYSTEM' and publisherid/uniquename ne 'Microsoft' and publisherid/uniquename ne 'MicrosoftCorporation' and publisherid/uniquename ne 'adxstudio' and publisherid/uniquename ne 'microsoftdynamicslabs'  and publisherid/uniquename ne 'microsoftdynamicscrmsdksamples'  and publisherid/uniquename ne 'MicrosoftDynamicsAILabs'  and publisherid/uniquename ne 'microsoftdynamics365'  and publisherid/uniquename ne 'microsoftdynamics'  and publisherid/uniquename ne 'microsoftfirstparty' and publisherid/uniquename ne 'dynamics365customerengagement'",                           "$expand": "createdby($select=fullname), publisherid($select=uniquename)"                         },                         "authentication": {                           "type": "Raw",                           "value": "@json(decodeBase64(triggerOutputs().headers['X-MS-APIM-Tokens']))['$ConnectionKey']"                         }                       }                     },                     "Catch_failure_and_set_noSolns_to_true": {                       "runAfter": {                         "Get_this_envs_Solns_from_solutions": [                           "Failed"                         ]                       },                       "metadata": {                         "operationMetadataId": "8087fbf6-5d37-49bb-ae28-e33b793e43dd"                       },                       "type": "SetVariable",                       "inputs": {                         "name": "noSolns",                         "value": "@true"                       }                     },                     "if_no_Solns,_mark_all_deleted,_else_look_each_up": {                       "actions": {                         "Mark_all_Solns_deleted": {                           "foreach": "@outputs('List_Solutions_not_yet_marked_deleted')?['body/value']",                           "actions": {                             "Mark_all_Solns_deleted_-_this_Soln": {                               "runAfter": {},                               "metadata": {                                 "operationMetadataId": "76922bed-f37f-4e3d-863f-c0dd4f4b30c7"                               },                               "type": "OpenApiConnection",                               "inputs": {                                 "host": {                                   "connectionName": "shared_commondataserviceforapps",                                   "operationId": "UpdateRecord",                                   "apiId": "/providers/Microsoft.PowerApps/apis/shared_commondataserviceforapps"                                 },                                 "parameters": {                                   "entityName": "admin_solutions",                                   "recordId": "@items('Mark_all_Solns_deleted')?['admin_solutionid']",                                   "item/admin_solutiondeleted": true,                                   "item/admin_solutiondeletedon": "@utcNow()"                                 },                                 "authentication": {                                   "type": "Raw",                                   "value": "@json(decodeBase64(triggerOutputs().headers['X-MS-APIM-Tokens']))['$ConnectionKey']"                                 }                               }                             }                           },                           "runAfter": {},                           "metadata": {                             "operationMetadataId": "fa6e6ab8-0012-4b0c-9547-c3d52ea0f429"                           },                           "type": "Foreach"                         }                       },                       "runAfter": {                         "Catch_failure_and_set_noSolns_to_true": [                           "Succeeded",                           "Skipped"                         ]                       },                       "else": {                         "actions": {                           "Check_each_Soln_to_see_if_still_in_environment": {                             "foreach": "@outputs('List_Solutions_not_yet_marked_deleted')?['body/value']",                             "actions": {                               "reset_SolnFound": {                                 "runAfter": {},                                 "metadata": {                                   "operationMetadataId": "80043aa4-de63-40c4-9e5b-bb58270acc19"                                 },                                 "type": "SetVariable",                                 "inputs": {                                   "name": "SolnFound",                                   "value": "@true"                                 }                               },                               "If_Soln_not_found,_delete_or_mark_deleted": {                                 "actions": {                                   "See_if_delete_row_from_inventory_or_mark_deleted_-_check_deleted": {                                     "actions": {                                       "Delete_this_Soln_from_inventory": {                                         "runAfter": {},                                         "metadata": {                                           "operationMetadataId": "18898e9d-3244-4654-b998-9e9457e22c25"                                         },                                         "type": "OpenApiConnection",                                         "inputs": {                                           "host": {                                             "connectionName": "shared_commondataserviceforapps",                                             "operationId": "DeleteRecord",                                             "apiId": "/providers/Microsoft.PowerApps/apis/shared_commondataserviceforapps"                                           },                                           "parameters": {                                             "entityName": "admin_solutions",                                             "recordId": "@items('Check_each_Soln_to_see_if_still_in_environment')?['admin_solutionid']"                                           },                                           "authentication": {                                             "type": "Raw",                                             "value": "@json(decodeBase64(triggerOutputs().headers['X-MS-APIM-Tokens']))['$ConnectionKey']"                                           }                                         }                                       }                                     },                                     "runAfter": {},                                     "else": {                                       "actions": {                                         "Mark_this_Soln_as_deleted_today": {                                           "runAfter": {},                                           "metadata": {                                             "operationMetadataId": "b2422acd-ced4-4308-b328-752de82dc472"                                           },                                           "type": "OpenApiConnection",                                           "inputs": {                                             "host": {                                               "connectionName": "shared_commondataserviceforapps",                                               "operationId": "UpdateRecord",                                               "apiId": "/providers/Microsoft.PowerApps/apis/shared_commondataserviceforapps"                                             },                                             "parameters": {                                               "entityName": "admin_solutions",                                               "recordId": "@items('Check_each_Soln_to_see_if_still_in_environment')?['admin_solutionid']",                                               "item/admin_solutiondeleted": true,                                               "item/admin_solutiondeletedon": "@utcnow()"                                             },                                             "authentication": {                                               "type": "Raw",                                               "value": "@json(decodeBase64(triggerOutputs().headers['X-MS-APIM-Tokens']))['$ConnectionKey']"                                             }                                           }                                         }                                       }                                     },                                     "expression": {                                       "equals": [                                         "@triggerBody()['boolean_1']",                                         "@true"                                       ]                                     },                                     "metadata": {                                       "operationMetadataId": "634f19e4-ac38-4dc6-b217-f9273f43da43"                                     },                                     "type": "If"                                   }                                 },                                 "runAfter": {                                   "Set_SolnFound_false_if_not_found": [                                     "Succeeded",                                     "Skipped"                                   ]                                 },                                 "expression": {                                   "not": {                                     "equals": [                                       "@variables('SolnFound')",                                       "@true"                                     ]                                   }                                 },                                 "metadata": {                                   "operationMetadataId": "3afa3cd4-da09-4b06-b13b-89ccc834a971"                                 },                                 "type": "If"                               },                               "Try_to_get_soln": {                                 "runAfter": {                                   "reset_SolnFound": [                                     "Succeeded"                                   ]                                 },                                 "metadata": {                                   "operationMetadataId": "a2726fff-df5c-46c1-a245-29242197c843"                                 },                                 "type": "OpenApiConnection",                                 "inputs": {                                   "host": {                                     "connectionName": "shared_commondataservice_1",                                     "operationId": "GetItem_V2",                                     "apiId": "/providers/Microsoft.PowerApps/apis/shared_commondataservice"                                   },                                   "parameters": {                                     "dataset": "@outputs('EnvtMetadataName')",                                     "table": "solutions",                                     "id": "@items('Check_each_Soln_to_see_if_still_in_environment')?['admin_solutionid']"                                   },                                   "authentication": {                                     "type": "Raw",                                     "value": "@json(decodeBase64(triggerOutputs().headers['X-MS-APIM-Tokens']))['$ConnectionKey']"                                   }                                 }                               },                               "Set_SolnFound_false_if_not_found": {                                 "runAfter": {                                   "Try_to_get_soln": [                                     "Failed"                                   ]                                 },                                 "metadata": {                                   "operationMetadataId": "61cef0f2-6495-4e28-b31e-2fc8847e962b"                                 },                                 "type": "SetVariable",                                 "inputs": {                                   "name": "SolnFound",                                   "value": "@false"                                 }                               }                             },                             "runAfter": {},                             "metadata": {                               "operationMetadataId": "b6e40592-9b5d-4a30-9cac-00cc670d543a"                             },                             "type": "Foreach"                           }                         }                       },                       "expression": {                         "equals": [                           "@variables('noSolns')",                           "@true"                         ]                       },                       "metadata": {                         "operationMetadataId": "8880259c-2981-4822-ae71-8713fd6eaff4"                       },                       "type": "If"                     }                   },                   "runAfter": {                     "List_Solutions": [                       "Succeeded"                     ]                   },                   "else": {                     "actions": {                       "See_if_delete_row_from_inventory_or_mark_deleted": {                         "actions": {                           "Delete_all_the_Solns_from_inventory": {                             "foreach": "@outputs('List_Solutions')?['body/value']",                             "actions": {                               "Delete_Soln_from_inventory": {                                 "runAfter": {},                                 "metadata": {                                   "operationMetadataId": "d11cbb8c-4d24-453e-81c7-689592353c93"                                 },                                 "type": "OpenApiConnection",                                 "inputs": {                                   "host": {                                     "connectionName": "shared_commondataserviceforapps_2",                                     "operationId": "DeleteRecord",                                     "apiId": "/providers/Microsoft.PowerApps/apis/shared_commondataserviceforapps"                                   },                                   "parameters": {                                     "entityName": "admin_solutions",                                     "recordId": "@items('Delete_all_the_Solns_from_inventory')?['admin_solutionid']"                                   },                                   "authentication": {                                     "type": "Raw",                                     "value": "@json(decodeBase64(triggerOutputs().headers['X-MS-APIM-Tokens']))['$ConnectionKey']"                                   }                                 }                               }                             },                             "runAfter": {},                             "metadata": {                               "operationMetadataId": "31b1269c-add7-44af-9e2c-ebbc853bc3e8"                             },                             "type": "Foreach"                           }                         },                         "runAfter": {},                         "else": {                           "actions": {                             "Mark_all_Solns_in_inventory_as_deleted_today": {                               "foreach": "@outputs('List_Solutions')?['body/value']",                               "actions": {                                 "Mark_Soln_as_deleted_today": {                                   "runAfter": {},                                   "metadata": {                                     "operationMetadataId": "a13ca261-30b1-43bd-a8af-1a9b97ac70b5"                                   },                                   "type": "OpenApiConnection",                                   "inputs": {                                     "host": {                                       "connectionName": "shared_commondataserviceforapps_2",                                       "operationId": "UpdateRecord",                                       "apiId": "/providers/Microsoft.PowerApps/apis/shared_commondataserviceforapps"                                     },                                     "parameters": {                                       "entityName": "admin_solutions",                                       "recordId": "@items('Mark_all_Solns_in_inventory_as_deleted_today')?['admin_solutionid']",                                       "item/admin_solutiondeleted": true,                                       "item/admin_solutiondeletedon": "@utcNow()"                                     },                                     "authentication": {                                       "type": "Raw",                                       "value": "@json(decodeBase64(triggerOutputs().headers['X-MS-APIM-Tokens']))['$ConnectionKey']"                                     }                                   }                                 }                               },                               "runAfter": {},                               "metadata": {                                 "operationMetadataId": "e51c0704-b9e4-4236-b7ce-ed357bd2576d"                               },                               "type": "Foreach"                             }                           }                         },                         "expression": {                           "equals": [                             "@triggerBody()['boolean_1']",                             "@true"                           ]                         },                         "metadata": {                           "operationMetadataId": "e078dd2c-7990-4db8-bedf-697a13b8a5c6"                         },                         "type": "If"                       }                     }                   },                   "expression": {                     "equals": [                       "@triggerBody()['boolean']",                       "@true"                     ]                   },                   "metadata": {                     "operationMetadataId": "e805bbc3-c88b-4e1c-a722-14ff3bbbd097"                   },                   "type": "If"                 }               },               "runAfter": {},               "expression": {                 "equals": [                   "@variables('HasAccess')",                   "@true"                 ]               },               "metadata": {                 "operationMetadataId": "b45dec57-878c-431b-aa54-9f49c9412167"               },               "type": "If"             }           },           "runAfter": {             "Get_System_User_ID": [               "Succeeded"             ]           },           "metadata": {             "operationMetadataId": "86c68153-2b1b-4eeb-b1c8-2b6781eb5328"           },           "type": "Scope"         },         "Error_Handling_Scope": {           "actions": {             "Create_Sync_Flow_Error_record": {               "runAfter": {},               "metadata": {                 "operationMetadataId": "f4835946-0a58-40fc-aa12-85f34020c51d"               },               "type": "OpenApiConnection",               "inputs": {                 "host": {                   "connectionName": "shared_commondataserviceforapps_2",                   "operationId": "CreateRecord",                   "apiId": "/providers/Microsoft.PowerApps/apis/shared_commondataserviceforapps"                 },                 "parameters": {                   "entityName": "admin_syncflowerrorses",                   "item/admin_name": "CLEANUP HELPER - Check Deleted (Solutions)",                   "item/admin_environmentname": "@triggerBody()['text']",                   "item/admin_flowinstanceurl": "@concat(parameters('Power Automate Environment Variable (admin_PowerAutomateEnvironmentVariable)'), workflow()?['tags']['environmentName'], '/flows/', workflow()?['name'], '/runs/', workflow()?['run']['name'])"                 },                 "authentication": {                   "type": "Raw",                   "value": "@json(decodeBase64(triggerOutputs().headers['X-MS-APIM-Tokens']))['$ConnectionKey']"                 }               }             },             "Set_returnValue_to_fail": {               "runAfter": {                 "Create_Sync_Flow_Error_record": [                   "Succeeded"                 ]               },               "metadata": {                 "operationMetadataId": "a81b9e62-2c13-4131-a1ea-80363f3680fa"               },               "type": "SetVariable",               "inputs": {                 "name": "returnValue",                 "value": "fail"               }             }           },           "runAfter": {             "Check_Deleted_Scope": [               "Failed"             ]           },           "metadata": {             "operationMetadataId": "51b1afaa-bb59-4931-b860-4504d451a676"           },           "type": "Scope"         },         "Respond_to_a_PowerApp_or_flow": {           "runAfter": {             "Error_Handling_Scope": [               "Succeeded",               "Skipped"             ]           },           "metadata": {             "operationMetadataId": "424fd3e2-73ed-4a51-871d-cf27c0aeb7df"           },           "type": "Response",           "kind": "PowerApp",           "inputs": {             "statusCode": 200,             "body": {               "thereturnvalue": "@variables('returnValue')"             },             "schema": {               "type": "object",               "properties": {                 "thereturnvalue": {                   "title": "theReturnValue",                   "x-ms-dynamically-added": true,                   "type": "string"                 }               }             }           }         },         "Get_System_User_ID": {           "actions": {             "Count_SYSTEM_users": {               "actions": {                 "SystemUserID": {                   "runAfter": {},                   "metadata": {                     "operationMetadataId": "3ff0e84d-fef5-40f2-ad25-a481ef47a4ad"                   },                   "type": "Compose",                   "inputs": "@first(outputs('List_Users_for_SYSTEM_user')?['body/value'])['systemuserid']"                 }               },               "runAfter": {                 "Set_HasAccess_to_false": [                   "Succeeded"                 ]               },               "expression": {                 "and": [                   {                     "equals": [                       "@variables('HasAccess')",                       "@true"                     ]                   },                   {                     "greater": [                       "@length(outputs('List_Users_for_SYSTEM_user')?['body/value'])",                       0                     ]                   }                 ]               },               "metadata": {                 "operationMetadataId": "b7370f16-6982-490a-92dd-0fd0001e2c79"               },               "type": "If"             },             "List_Users_for_SYSTEM_user": {               "runAfter": {},               "metadata": {                 "operationMetadataId": "18cc04ae-6bf0-45a5-88cd-867597f3f22a"               },               "type": "OpenApiConnection",               "inputs": {                 "host": {                   "connectionName": "shared_commondataservice_1",                   "operationId": "GetItems_V2",                   "apiId": "/providers/Microsoft.PowerApps/apis/shared_commondataservice"                 },                 "parameters": {                   "dataset": "@outputs('EnvtMetadataName')",                   "table": "systemusers",                   "$filter": "fullname eq 'SYSTEM'"                 },                 "authentication": {                   "type": "Raw",                   "value": "@json(decodeBase64(triggerOutputs().headers['X-MS-APIM-Tokens']))['$ConnectionKey']"                 },                 "retryPolicy": {                   "type": "exponential",                   "count": 10,                   "interval": "PT10S"                 }               },               "runtimeConfiguration": {                 "paginationPolicy": {                   "minimumItemCount": 100000                 }               }             },             "Set_HasAccess_to_false": {               "runAfter": {                 "List_Users_for_SYSTEM_user": [                   "Failed"                 ]               },               "metadata": {                 "operationMetadataId": "f4ffd478-ec3e-4643-873f-3381f1cbec1e"               },               "type": "SetVariable",               "inputs": {                 "name": "HasAccess",                 "value": "@false"               }             }           },           "runAfter": {             "Initialize_HasAccess": [               "Succeeded"             ]           },           "metadata": {             "operationMetadataId": "3e11da85-65c2-4bec-a9d3-76ca594e26b2"           },           "type": "Scope"         },         "Initialize_HasAccess": {           "runAfter": {             "Initialize_SolnFound": [               "Succeeded"             ]           },           "metadata": {             "operationMetadataId": "8b90ffde-b678-4e5d-ba94-150122d9e80b"           },           "type": "InitializeVariable",           "inputs": {             "variables": [               {                 "name": "HasAccess",                 "type": "boolean",                 "value": "@true"               }             ]           }         }       }     }   },   "schemaVersion": "1.0.0.0" }
