{   "properties": {     "connectionReferences": {       "shared_commondataserviceforapps": {         "runtimeSource": "embedded",         "connection": {           "connectionReferenceLogicalName": "admin_CoECoreDataverse2"         },         "api": {           "name": "shared_commondataserviceforapps"         }       }     },     "definition": {       "$schema": "https://schema.management.azure.com/providers/Microsoft.Logic/schemas/2016-06-01/workflowdefinition.json#",       "contentVersion": "1.0.0.0",       "parameters": {         "$connections": {           "defaultValue": {},           "type": "Object"         },         "$authentication": {           "defaultValue": {},           "type": "SecureObject"         }       },       "triggers": {         "When_a_row_is_added,_modified_or_deleted": {           "metadata": {             "operationMetadataId": "c14a3151-cfea-4358-ae36-66f6eea7664c"           },           "type": "OpenApiConnectionWebhook",           "inputs": {             "host": {               "connectionName": "shared_commondataserviceforapps",               "operationId": "SubscribeWebhookTrigger",               "apiId": "/providers/Microsoft.PowerApps/apis/shared_commondataserviceforapps"             },             "parameters": {               "subscriptionRequest/message": 1,               "subscriptionRequest/entityname": "admin_dlppolicy",               "subscriptionRequest/scope": 4,               "subscriptionRequest/filterexpression": "admin_isshared eq true"             },             "authentication": "@parameters('$authentication')"           }         }       },       "actions": {         "Run_a_Child_Flow": {           "runAfter": {},           "metadata": {             "operationMetadataId": "b61a936e-3eef-49f9-91d0-537a9339159f"           },           "type": "Workflow",           "inputs": {             "host": {               "workflowReferenceName": "e55e412f-bf69-ec11-8943-002248266489"             },             "body": {               "text": "@triggerOutputs()?['body/admin_dlppolicyid']",               "boolean": false             }           }         }       }     }   },   "schemaVersion": "1.0.0.0" }
